Date,SIF
01/01/00 00:00:00,0
01/05/00 00:00:00,0
01/09/00 00:00:00,0
01/13/00 00:00:00,0
01/17/00 00:00:00,0
01/21/00 00:00:00,0
01/25/00 00:00:00,0
01/29/00 00:00:00,0
02/02/00 00:00:00,0
02/06/00 00:00:00,0
02/10/00 00:00:00,0
02/14/00 00:00:00,0
02/18/00 00:00:00,0
02/22/00 00:00:00,-0.039297825
02/26/00 00:00:00,-0.036849435
03/01/00 00:00:00,-0.034663486
03/05/00 00:00:00,-0.032711674
03/09/00 00:00:00,-0.030968166
03/13/00 00:00:00,-0.029409717
03/17/00 00:00:00,-0.028015617
03/21/00 00:00:00,-0.026767537
03/25/00 00:00:00,-0.025649327
03/29/00 00:00:00,-0.024646795
04/02/00 00:00:00,-0.023747494
04/06/00 00:00:00,-0.022940514
04/10/00 00:00:00,-0.022216295
04/14/00 00:00:00,-0.021566459
04/18/00 00:00:00,-0.020983665
04/22/00 00:00:00,-0.020461475
04/26/00 00:00:00,-0.019994241
04/30/00 00:00:00,-0.019577015
05/04/00 00:00:00,-0.019205459
05/08/00 00:00:00,-0.018875778
05/12/00 00:00:00,-0.018584657
05/16/00 00:00:00,-0.018329213
05/20/00 00:00:00,-0.018106949
05/24/00 00:00:00,-0.017915718
05/28/00 00:00:00,-0.017753693
06/01/00 00:00:00,-0.017619342
06/05/00 00:00:00,-0.017511407
06/09/00 00:00:00,0.117339759
06/13/00 00:00:00,0.083320928
06/17/00 00:00:00,0.091377641
06/21/00 00:00:00,0.090348553
06/25/00 00:00:00,0.097699047
06/29/00 00:00:00,0.115212349
07/03/00 00:00:00,0.140293478
07/07/00 00:00:00,0.154642117
07/11/00 00:00:00,0.169653993
07/15/00 00:00:00,0.199539744
07/19/00 00:00:00,0.231787271
07/23/00 00:00:00,0.238275699
07/27/00 00:00:00,0.250166033
07/31/00 00:00:00,0.266867886
08/04/00 00:00:00,0.267641824
08/08/00 00:00:00,0.288230383
08/12/00 00:00:00,0.292628367
08/16/00 00:00:00,0.305905064
08/20/00 00:00:00,0.300061094
08/24/00 00:00:00,0.291631541
08/28/00 00:00:00,0.275651748
09/01/00 00:00:00,0.272872467
09/05/00 00:00:00,0.273261687
09/09/00 00:00:00,0.281092254
09/13/00 00:00:00,0.268855627
09/17/00 00:00:00,0.270643804
09/21/00 00:00:00,0.112177872
09/25/00 00:00:00,0.177222339
09/29/00 00:00:00,0.023607371
10/03/00 00:00:00,0.104553712
10/07/00 00:00:00,0.165402229
10/11/00 00:00:00,0.118675984
10/15/00 00:00:00,0.061839337
10/19/00 00:00:00,0.085201667
10/23/00 00:00:00,0.184272532
10/27/00 00:00:00,-0.04579153
10/31/00 00:00:00,-0.049283977
11/04/00 00:00:00,-0.053163034
11/08/00 00:00:00,-0.057446962
11/12/00 00:00:00,-0.062139096
11/16/00 00:00:00,-0.067218849
11/20/00 00:00:00,-0.07263026
11/24/00 00:00:00,-0.07826897
11/28/00 00:00:00,-0.08396993
12/02/00 00:00:00,-0.079555747
12/06/00 00:00:00,-0.07354908
12/10/00 00:00:00,-0.065879927
12/14/00 00:00:00,-0.056628961
12/18/00 00:00:00,-0.04605305
12/22/00 00:00:00,-0.034572356
12/26/00 00:00:00,-0.022714392
12/30/00 00:00:00,-0.011028731
01/01/01 00:00:00,-0.097315962
01/05/01 00:00:00,-0.092706008
01/09/01 00:00:00,-0.08741926
01/13/01 00:00:00,-0.081783311
01/17/01 00:00:00,-0.076073165
01/21/01 00:00:00,-0.070496556
01/25/01 00:00:00,-0.065194817
01/29/01 00:00:00,-0.060252654
02/02/01 00:00:00,-0.055711161
02/06/01 00:00:00,-0.051580507
02/10/01 00:00:00,-0.047850565
02/14/01 00:00:00,-0.044499013
02/18/01 00:00:00,-0.041497107
02/22/01 00:00:00,-0.038813549
02/26/01 00:00:00,-0.036416947
03/02/01 00:00:00,-0.034277283
03/06/01 00:00:00,-0.032366694
03/10/01 00:00:00,-0.030659831
03/14/01 00:00:00,-0.029133931
03/18/01 00:00:00,-0.027768748
03/22/01 00:00:00,-0.026546377
03/26/01 00:00:00,-0.025451056
03/30/01 00:00:00,-0.024468937
04/03/01 00:00:00,-0.023587877
04/07/01 00:00:00,-0.022797236
04/11/01 00:00:00,-0.022087689
04/15/01 00:00:00,-0.021451064
04/19/01 00:00:00,-0.020880199
04/23/01 00:00:00,-0.020368813
04/27/01 00:00:00,-0.019911399
05/01/01 00:00:00,-0.019503129
05/05/01 00:00:00,-0.019139772
05/09/01 00:00:00,-0.018817628
05/13/01 00:00:00,0.010724206
05/17/01 00:00:00,0.093156075
05/21/01 00:00:00,0.084205253
05/25/01 00:00:00,0.09840226
05/29/01 00:00:00,0.113000702
06/02/01 00:00:00,0.13283247
06/06/01 00:00:00,0.138234957
06/10/01 00:00:00,0.145225285
06/14/01 00:00:00,0.155640158
06/18/01 00:00:00,0.161506699
06/22/01 00:00:00,0.222139222
06/26/01 00:00:00,0.282850776
06/30/01 00:00:00,0.199796388
07/04/01 00:00:00,0.184171583
07/08/01 00:00:00,0.189154495
07/12/01 00:00:00,0.198445457
07/16/01 00:00:00,0.205765308
07/20/01 00:00:00,0.232025802
07/24/01 00:00:00,0.250439462
07/28/01 00:00:00,0.256510662
08/01/01 00:00:00,0.259806036
08/05/01 00:00:00,0.240852105
08/09/01 00:00:00,0.230436718
08/13/01 00:00:00,0.209393907
08/17/01 00:00:00,0.197610898
08/21/01 00:00:00,0.200164752
08/25/01 00:00:00,0.182638064
08/29/01 00:00:00,0.174423738
09/02/01 00:00:00,0.175845015
09/06/01 00:00:00,0.177811263
09/10/01 00:00:00,0.160391668
09/14/01 00:00:00,0.157247746
09/18/01 00:00:00,0.12667917
09/22/01 00:00:00,0.122723763
09/26/01 00:00:00,0.110480411
09/30/01 00:00:00,0.115056484
10/04/01 00:00:00,-0.031654205
10/08/01 00:00:00,0.118119492
10/12/01 00:00:00,0.122575874
10/16/01 00:00:00,-0.037804737
10/20/01 00:00:00,-0.040363696
10/24/01 00:00:00,-0.043226769
10/28/01 00:00:00,-0.046425332
11/01/01 00:00:00,-0.049989392
11/05/01 00:00:00,-0.053944397
11/09/01 00:00:00,-0.058306367
11/13/01 00:00:00,-0.063074894
11/17/01 00:00:00,-0.068223648
11/21/01 00:00:00,-0.073688535
11/25/01 00:00:00,-0.079354562
11/29/01 00:00:00,-0.085044116
12/03/01 00:00:00,-0.090511377
12/07/01 00:00:00,-0.09544932
12/11/01 00:00:00,-0.099515348
12/15/01 00:00:00,-0.102377202
12/19/01 00:00:00,-0.103772144
12/23/01 00:00:00,-0.103562789
12/27/01 00:00:00,-0.101769293
12/31/01 00:00:00,-0.098564616
01/01/02 00:00:00,-0.097574802
01/05/02 00:00:00,-0.093016202
01/09/02 00:00:00,-0.087759807
01/13/02 00:00:00,-0.082135574
01/17/02 00:00:00,-0.076422369
01/21/02 00:00:00,-0.070832144
01/25/02 00:00:00,-0.065510061
01/29/02 00:00:00,-0.0605439
02/02/02 00:00:00,-0.055977021
02/06/02 00:00:00,-0.05182113
02/10/02 00:00:00,-0.048067061
02/14/02 00:00:00,-0.044693036
02/18/02 00:00:00,-0.04167056
02/22/02 00:00:00,-0.038968397
02/26/02 00:00:00,-0.036555105
03/02/02 00:00:00,-0.034400545
03/06/02 00:00:00,-0.032476707
03/10/02 00:00:00,-0.030758076
03/14/02 00:00:00,-0.029221735
03/18/02 00:00:00,-0.027847281
03/22/02 00:00:00,-0.026616675
03/26/02 00:00:00,-0.025514025
03/30/02 00:00:00,-0.024525375
04/03/02 00:00:00,-0.023638481
04/07/02 00:00:00,-0.022842617
04/11/02 00:00:00,-0.022128382
04/15/02 00:00:00,-0.021487538
04/19/02 00:00:00,-0.020912865
04/23/02 00:00:00,-0.020398031
04/27/02 00:00:00,-0.019937485
05/01/02 00:00:00,-0.019526359
05/05/02 00:00:00,-0.019160388
05/09/02 00:00:00,-0.018835843
05/13/02 00:00:00,-0.018549465
05/17/02 00:00:00,-0.018298425
05/21/02 00:00:00,-0.01808027
05/25/02 00:00:00,-0.017892898
05/29/02 00:00:00,-0.01773452
06/02/02 00:00:00,-0.017603639
06/06/02 00:00:00,-2.97E-05
06/10/02 00:00:00,0.086146851
06/14/02 00:00:00,0.078914964
06/18/02 00:00:00,0.099158632
06/22/02 00:00:00,0.111183543
06/26/02 00:00:00,0.120412462
06/30/02 00:00:00,0.135138349
07/04/02 00:00:00,0.166283869
07/08/02 00:00:00,0.178898879
07/12/02 00:00:00,0.218161071
07/16/02 00:00:00,0.240850704
07/20/02 00:00:00,0.264496504
07/24/02 00:00:00,0.273812064
07/28/02 00:00:00,0.292900218
08/01/02 00:00:00,0.285194411
08/05/02 00:00:00,0.281765058
08/09/02 00:00:00,0.277071706
08/13/02 00:00:00,0.262281254
08/17/02 00:00:00,0.252357882
08/21/02 00:00:00,0.258192835
08/25/02 00:00:00,0.260150345
08/29/02 00:00:00,0.252431202
09/02/02 00:00:00,0.258810568
09/06/02 00:00:00,0.274360115
09/10/02 00:00:00,0.287275145
09/14/02 00:00:00,0.283688604
09/18/02 00:00:00,0.376443497
09/22/02 00:00:00,0.314269982
09/26/02 00:00:00,0.27917562
09/30/02 00:00:00,0.178393765
10/04/02 00:00:00,0.188158301
10/08/02 00:00:00,0.209453139
10/12/02 00:00:00,-0.035389309
10/16/02 00:00:00,-0.03765944
10/20/02 00:00:00,-0.040201132
10/24/02 00:00:00,-0.043045078
10/28/02 00:00:00,-0.046222672
11/01/02 00:00:00,-0.04976409
11/05/02 00:00:00,-0.053695186
11/09/02 00:00:00,-0.058032741
11/13/02 00:00:00,-0.062777599
11/17/02 00:00:00,-0.067905326
11/21/02 00:00:00,-0.073354493
11/25/02 00:00:00,-0.079013553
11/29/02 00:00:00,-0.084708913
12/03/02 00:00:00,-0.090198806
12/07/02 00:00:00,-0.095179328
12/11/02 00:00:00,-0.09930883
12/15/02 00:00:00,-0.102252718
12/19/02 00:00:00,-0.103742231
12/23/02 00:00:00,-0.1036311
12/27/02 00:00:00,-0.101929677
12/31/02 00:00:00,-0.098802551
01/01/03 00:00:00,-0.097829166
01/05/03 00:00:00,-0.093323112
01/09/03 00:00:00,-0.088098243
01/13/03 00:00:00,-0.082486739
01/17/03 00:00:00,-0.076771266
01/21/03 00:00:00,-0.07116799
01/25/03 00:00:00,-0.065825926
01/29/03 00:00:00,-0.060835977
02/02/03 00:00:00,-0.056243808
02/06/03 00:00:00,-0.052062699
02/10/03 00:00:00,-0.048284476
02/14/03 00:00:00,-0.044887921
02/18/03 00:00:00,-0.041844805
02/22/03 00:00:00,-0.039123963
02/26/03 00:00:00,-0.036693907
03/02/03 00:00:00,-0.034524383
03/06/03 00:00:00,-0.03258723
03/10/03 00:00:00,-0.030856776
03/14/03 00:00:00,-0.02930994
03/18/03 00:00:00,-0.027926172
03/22/03 00:00:00,-0.02668729
03/26/03 00:00:00,-0.025577278
03/30/03 00:00:00,-0.024582065
04/03/03 00:00:00,-0.023689312
04/07/03 00:00:00,-0.022888203
04/11/03 00:00:00,-0.02216926
04/15/03 00:00:00,-0.02152418
04/19/03 00:00:00,-0.020945685
04/23/03 00:00:00,-0.02042739
04/27/03 00:00:00,-0.019963701
05/01/03 00:00:00,-0.019549711
05/05/03 00:00:00,-0.019181119
05/09/03 00:00:00,-0.018854166
05/13/03 00:00:00,-0.018565566
05/17/03 00:00:00,0.106383002
05/21/03 00:00:00,0.09444532
05/25/03 00:00:00,0.110268456
05/29/03 00:00:00,0.127970132
06/02/03 00:00:00,0.136248879
06/06/03 00:00:00,0.140629778
06/10/03 00:00:00,0.159787482
06/14/03 00:00:00,0.172648987
06/18/03 00:00:00,0.171998392
06/22/03 00:00:00,0.177009266
06/26/03 00:00:00,0.17730221
06/30/03 00:00:00,0.181959529
07/04/03 00:00:00,0.190782557
07/08/03 00:00:00,0.206539613
07/12/03 00:00:00,0.222593048
07/16/03 00:00:00,0.236060933
07/20/03 00:00:00,0.255386649
07/24/03 00:00:00,0.293516598
07/28/03 00:00:00,0.324509897
08/01/03 00:00:00,0.330816359
08/05/03 00:00:00,0.338727375
08/09/03 00:00:00,0.331073421
08/13/03 00:00:00,0.336998416
08/17/03 00:00:00,0.323085809
08/21/03 00:00:00,0.335749734
08/25/03 00:00:00,0.301689924
08/29/03 00:00:00,0.272936682
09/02/03 00:00:00,0.266673396
09/06/03 00:00:00,0.25489066
09/10/03 00:00:00,0.244054188
09/14/03 00:00:00,0.236351201
09/18/03 00:00:00,0.1795577
09/22/03 00:00:00,0.189725755
09/26/03 00:00:00,0.22038146
09/30/03 00:00:00,0.098743961
10/04/03 00:00:00,0.151503868
10/08/03 00:00:00,0.168019191
10/12/03 00:00:00,-0.035260599
10/16/03 00:00:00,-0.037515369
10/20/03 00:00:00,-0.04003992
10/24/03 00:00:00,-0.042864865
10/28/03 00:00:00,-0.046021607
11/01/03 00:00:00,-0.049540479
11/05/03 00:00:00,-0.053447722
11/09/03 00:00:00,-0.057760849
11/13/03 00:00:00,-0.062481914
11/17/03 00:00:00,-0.067588336
11/21/03 00:00:00,-0.073021292
11/25/03 00:00:00,-0.07867263
11/29/03 00:00:00,-0.084372754
12/03/03 00:00:00,-0.089883965
12/07/03 00:00:00,-0.094905576
12/11/03 00:00:00,-0.099097066
12/15/03 00:00:00,-0.102121744
12/19/03 00:00:00,-0.103705065
12/23/03 00:00:00,-0.103692025
12/27/03 00:00:00,-0.102083179
12/31/03 00:00:00,-0.099034608
01/01/04 00:00:00,-0.098077954
01/05/04 00:00:00,-0.093625758
01/09/04 00:00:00,-0.088433721
01/13/04 00:00:00,-0.0828361
01/17/04 00:00:00,-0.077119282
01/21/04 00:00:00,-0.071503634
01/25/04 00:00:00,-0.066142053
01/29/04 00:00:00,-0.061128608
02/02/04 00:00:00,-0.056511311
02/06/04 00:00:00,-0.052305058
02/10/04 00:00:00,-0.048502694
02/14/04 00:00:00,-0.045083586
02/18/04 00:00:00,-0.042019785
02/22/04 00:00:00,-0.039280211
02/26/04 00:00:00,-0.036833332
03/01/04 00:00:00,-0.034648785
03/05/04 00:00:00,-0.032698263
03/09/04 00:00:00,-0.030955934
03/13/04 00:00:00,-0.029398559
03/17/04 00:00:00,-0.028005435
03/21/04 00:00:00,-0.02675824
03/25/04 00:00:00,-0.025640833
03/29/04 00:00:00,-0.024639031
04/02/04 00:00:00,-0.023740393
04/06/04 00:00:00,-0.022934016
04/10/04 00:00:00,-0.022210347
04/14/04 00:00:00,-0.021561015
04/18/04 00:00:00,-0.020978683
04/22/04 00:00:00,-0.020456916
04/26/04 00:00:00,-0.019990074
04/30/04 00:00:00,-0.019573209
05/04/04 00:00:00,-0.019201989
05/08/04 00:00:00,-0.018872621
05/12/04 00:00:00,-0.018581793
05/16/04 00:00:00,-0.018326624
05/20/04 00:00:00,-0.01810462
05/24/04 00:00:00,-0.017913636
05/28/04 00:00:00,-0.017751847
06/01/04 00:00:00,-0.017617723
06/05/04 00:00:00,-0.017510007
06/09/04 00:00:00,-0.017427699
06/13/04 00:00:00,-0.017370043
06/17/04 00:00:00,0.084611933
06/21/04 00:00:00,0.07479219
06/25/04 00:00:00,0.087723663
06/29/04 00:00:00,0.098356834
07/03/04 00:00:00,0.123847995
07/07/04 00:00:00,0.181987192
07/11/04 00:00:00,0.190233578
07/15/04 00:00:00,0.200508955
07/19/04 00:00:00,0.197228806
07/23/04 00:00:00,0.208344101
07/27/04 00:00:00,0.217958259
07/31/04 00:00:00,0.227888479
08/04/04 00:00:00,0.238970908
08/08/04 00:00:00,0.265868232
08/12/04 00:00:00,0.303839194
08/16/04 00:00:00,0.321688828
08/20/04 00:00:00,0.345451047
08/24/04 00:00:00,0.265471798
08/28/04 00:00:00,0.255359842
09/01/04 00:00:00,0.247807373
09/05/04 00:00:00,0.250170596
09/09/04 00:00:00,0.253286293
09/13/04 00:00:00,0.255372574
09/17/04 00:00:00,0.210993793
09/21/04 00:00:00,0.164629087
09/25/04 00:00:00,0.16450161
09/29/04 00:00:00,0.167602997
10/03/04 00:00:00,0.164491659
10/07/04 00:00:00,0.154368963
10/11/04 00:00:00,0.161951534
10/15/04 00:00:00,0.277518127
10/19/04 00:00:00,-0.039879925
10/23/04 00:00:00,-0.042685966
10/27/04 00:00:00,-0.045821941
10/31/04 00:00:00,-0.049318325
11/04/04 00:00:00,-0.053201726
11/08/04 00:00:00,-0.057490357
11/12/04 00:00:00,-0.062187448
11/16/04 00:00:00,-0.067272218
11/20/04 00:00:00,-0.072688397
11/24/04 00:00:00,-0.078331181
11/28/04 00:00:00,-0.084034941
12/02/04 00:00:00,-0.089566071
12/06/04 00:00:00,-0.094627197
12/10/04 00:00:00,-0.098879112
12/14/04 00:00:00,-0.101983271
12/18/04 00:00:00,-0.103659596
12/22/04 00:00:00,-0.103744507
12/26/04 00:00:00,-0.102228776
12/30/04 00:00:00,-0.099259836
01/01/05 00:00:00,-0.097311449
01/05/05 00:00:00,-0.092691592
01/09/05 00:00:00,-0.087397415
01/13/05 00:00:00,-0.08175648
01/17/05 00:00:00,-0.07604349
01/21/05 00:00:00,-0.070465747
01/25/05 00:00:00,-0.065164134
01/29/05 00:00:00,-0.060222956
02/02/05 00:00:00,-0.055682988
02/06/05 00:00:00,-0.051554156
02/10/05 00:00:00,-0.047826163
02/14/05 00:00:00,-0.044476572
02/18/05 00:00:00,-0.041476567
02/22/05 00:00:00,-0.038794805
02/26/05 00:00:00,-0.036399876
03/02/05 00:00:00,-0.034261751
03/06/05 00:00:00,-0.032352569
03/10/05 00:00:00,-0.030646984
03/14/05 00:00:00,-0.029122243
03/18/05 00:00:00,-0.027758108
03/22/05 00:00:00,-0.026536687
03/26/05 00:00:00,-0.025442224
03/30/05 00:00:00,-0.024460883
04/03/05 00:00:00,-0.02358053
04/07/05 00:00:00,-0.02279053
04/11/05 00:00:00,-0.022081567
04/15/05 00:00:00,-0.021445475
04/19/05 00:00:00,-0.020875099
04/23/05 00:00:00,-0.020364161
04/27/05 00:00:00,-0.019907161
05/01/05 00:00:00,-0.019499272
05/05/05 00:00:00,-0.01913627
05/09/05 00:00:00,-0.018814456
05/13/05 00:00:00,-0.018530606
05/17/05 00:00:00,-0.018281913
05/21/05 00:00:00,-0.018065953
05/25/05 00:00:00,0.075274452
05/29/05 00:00:00,0.07637325
06/02/05 00:00:00,0.094771835
06/06/05 00:00:00,0.103296452
06/10/05 00:00:00,0.113113587
06/14/05 00:00:00,0.123393797
06/18/05 00:00:00,0.131682089
06/22/05 00:00:00,0.16699613
06/26/05 00:00:00,0.1820428
06/30/05 00:00:00,0.213806825
07/04/05 00:00:00,0.217207996
07/08/05 00:00:00,0.235509544
07/12/05 00:00:00,0.246798427
07/16/05 00:00:00,0.268600743
07/20/05 00:00:00,0.264985044
07/24/05 00:00:00,0.291227676
07/28/05 00:00:00,0.308969932
08/01/05 00:00:00,0.293245243
08/05/05 00:00:00,0.293692249
08/09/05 00:00:00,0.268203754
08/13/05 00:00:00,0.261968582
08/17/05 00:00:00,0.264290352
08/21/05 00:00:00,0.255064861
08/25/05 00:00:00,0.26143274
08/29/05 00:00:00,0.238946971
09/02/05 00:00:00,0.230276572
09/06/05 00:00:00,0.202515163
09/10/05 00:00:00,0.168921544
09/14/05 00:00:00,0.162995167
09/18/05 00:00:00,0.136311194
09/22/05 00:00:00,0.126077631
09/26/05 00:00:00,0.115314235
09/30/05 00:00:00,0.114897774
10/04/05 00:00:00,0.085338652
10/08/05 00:00:00,0.089117893
10/12/05 00:00:00,0.107389471
10/16/05 00:00:00,0.085237573
10/20/05 00:00:00,0.114027862
10/24/05 00:00:00,0.125840636
10/28/05 00:00:00,0.163649788
11/01/05 00:00:00,0.137901601
11/05/05 00:00:00,0.222519331
11/09/05 00:00:00,0.140894939
11/13/05 00:00:00,0.044648065
11/17/05 00:00:00,-0.068277797
11/21/05 00:00:00,-0.073746894
11/25/05 00:00:00,-0.079416189
11/29/05 00:00:00,-0.085107452
12/03/05 00:00:00,-0.090574182
12/07/05 00:00:00,-0.095508742
12/11/05 00:00:00,-0.099568166
12/15/05 00:00:00,-0.102420267
12/19/05 00:00:00,-0.103802921
12/23/05 00:00:00,-0.103579853
12/27/05 00:00:00,-0.101772582
12/31/05 00:00:00,-0.098555366
01/01/06 00:00:00,-0.097562731
01/05/06 00:00:00,-0.092994406
01/09/06 00:00:00,-0.087730964
01/13/06 00:00:00,-0.082102272
01/17/06 00:00:00,-0.076386834
01/21/06 00:00:00,-0.070796116
01/25/06 00:00:00,-0.065474788
01/29/06 00:00:00,-0.060510207
02/02/06 00:00:00,-0.055945394
02/06/06 00:00:00,-0.051791808
02/10/06 00:00:00,-0.048040113
02/14/06 00:00:00,-0.044668418
02/18/06 00:00:00,-0.041648159
02/22/06 00:00:00,-0.038948067
02/26/06 00:00:00,-0.036536681
03/02/06 00:00:00,-0.03438386
03/06/06 00:00:00,-0.032461598
03/10/06 00:00:00,-0.030744392
03/14/06 00:00:00,-0.029209334
03/18/06 00:00:00,-0.027836038
03/22/06 00:00:00,-0.026606473
03/26/06 00:00:00,-0.025504762
03/30/06 00:00:00,-0.024516958
04/03/06 00:00:00,-0.023630831
04/07/06 00:00:00,-0.02283566
04/11/06 00:00:00,-0.022122055
04/15/06 00:00:00,-0.021481785
04/19/06 00:00:00,-0.020907636
04/23/06 00:00:00,-0.020393282
04/27/06 00:00:00,-0.019933177
05/01/06 00:00:00,-0.019522458
05/05/06 00:00:00,-0.019156865
05/09/06 00:00:00,-0.01883267
05/13/06 00:00:00,-0.01854662
05/17/06 00:00:00,0.092714194
05/21/06 00:00:00,0.090690784
05/25/06 00:00:00,0.09793702
05/29/06 00:00:00,0.095422335
06/02/06 00:00:00,0.104354402
06/06/06 00:00:00,0.124764479
06/10/06 00:00:00,0.151951212
06/14/06 00:00:00,0.158226102
06/18/06 00:00:00,0.175334734
06/22/06 00:00:00,0.201174944
06/26/06 00:00:00,0.226417322
06/30/06 00:00:00,0.242523084
07/04/06 00:00:00,0.258894466
07/08/06 00:00:00,0.237085354
07/12/06 00:00:00,0.226787445
07/16/06 00:00:00,0.232455569
07/20/06 00:00:00,0.229009052
07/24/06 00:00:00,0.246802037
07/28/06 00:00:00,0.246500296
08/01/06 00:00:00,0.246300734
08/05/06 00:00:00,0.260966064
08/09/06 00:00:00,0.255427601
08/13/06 00:00:00,0.251879077
08/17/06 00:00:00,0.243090958
08/21/06 00:00:00,0.242456459
08/25/06 00:00:00,0.244901784
08/29/06 00:00:00,0.243753208
09/02/06 00:00:00,0.22723402
09/06/06 00:00:00,0.223819669
09/10/06 00:00:00,0.221214389
09/14/06 00:00:00,0.213573902
09/18/06 00:00:00,0.202569341
09/22/06 00:00:00,0.178595904
09/26/06 00:00:00,0.171999025
09/30/06 00:00:00,0.170497971
10/04/06 00:00:00,0.074113973
10/08/06 00:00:00,0.069077924
10/12/06 00:00:00,-0.035409258
10/16/06 00:00:00,-0.037681833
10/20/06 00:00:00,-0.040226273
10/24/06 00:00:00,0.149934083
10/28/06 00:00:00,-0.04625429
11/01/06 00:00:00,-0.049799441
11/05/06 00:00:00,-0.05373456
11/09/06 00:00:00,-0.058076338
11/13/06 00:00:00,-0.062825462
11/17/06 00:00:00,-0.067957246
11/21/06 00:00:00,-0.073409889
11/25/06 00:00:00,-0.079071346
11/29/06 00:00:00,-0.084767415
12/03/06 00:00:00,-0.090255677
12/07/06 00:00:00,-0.095231668
12/11/06 00:00:00,-0.099353451
12/15/06 00:00:00,-0.102286596
12/19/06 00:00:00,-0.103763057
12/23/06 00:00:00,-0.103637752
12/27/06 00:00:00,-0.101922443
12/31/06 00:00:00,-0.09878301
01/01/07 00:00:00,-0.055720925
01/05/07 00:00:00,-0.073220171
01/09/07 00:00:00,-0.088060606
01/13/07 00:00:00,-0.082445554
01/17/07 00:00:00,-0.076728794
01/21/07 00:00:00,-0.071125948
01/25/07 00:00:00,-0.0657855
01/29/07 00:00:00,-0.060797908
02/02/07 00:00:00,-0.05620849
02/06/07 00:00:00,-0.052030279
02/10/07 00:00:00,-0.048254936
02/14/07 00:00:00,-0.04486114
02/18/07 00:00:00,-0.041820604
02/22/07 00:00:00,-0.039102137
02/26/07 00:00:00,-0.036674242
03/02/07 00:00:00,-0.03450667
03/06/07 00:00:00,-0.032571274
03/10/07 00:00:00,-0.030842395
03/14/07 00:00:00,-0.029296971
03/18/07 00:00:00,-0.027914466
03/22/07 00:00:00,-0.026676716
03/26/07 00:00:00,-0.025567719
03/30/07 00:00:00,-0.024573419
04/03/07 00:00:00,-0.023681488
04/07/07 00:00:00,-0.02288112
04/11/07 00:00:00,-0.022162849
04/15/07 00:00:00,-0.021518378
04/19/07 00:00:00,-0.020940437
04/23/07 00:00:00,-0.02042265
04/27/07 00:00:00,-0.019959426
05/01/07 00:00:00,-0.019545862
05/05/07 00:00:00,-0.019177666
05/09/07 00:00:00,-0.018851078
05/13/07 00:00:00,-0.01856282
05/17/07 00:00:00,-0.018310037
05/21/07 00:00:00,0.113527845
05/25/07 00:00:00,0.086206864
05/29/07 00:00:00,0.09492739
06/02/07 00:00:00,0.096816414
06/06/07 00:00:00,0.096644304
06/10/07 00:00:00,0.097126054
06/14/07 00:00:00,0.099654111
06/18/07 00:00:00,0.112657151
06/22/07 00:00:00,0.131227311
06/26/07 00:00:00,0.169558202
06/30/07 00:00:00,0.178042288
07/04/07 00:00:00,0.192833561
07/08/07 00:00:00,0.215488552
07/12/07 00:00:00,0.2261311
07/16/07 00:00:00,0.240067741
07/20/07 00:00:00,0.262712122
07/24/07 00:00:00,0.313561348
07/28/07 00:00:00,0.326757419
08/01/07 00:00:00,0.32426795
08/05/07 00:00:00,0.310354026
08/09/07 00:00:00,0.316019503
08/13/07 00:00:00,0.316924595
08/17/07 00:00:00,0.298384677
08/21/07 00:00:00,0.322678144
08/25/07 00:00:00,0.331023293
08/29/07 00:00:00,0.317926803
09/02/07 00:00:00,0.307908504
09/06/07 00:00:00,0.277060432
09/10/07 00:00:00,0.272120164
09/14/07 00:00:00,0.230933378
09/18/07 00:00:00,0.125730143
09/22/07 00:00:00,0.106714392
09/26/07 00:00:00,0.100438211
09/30/07 00:00:00,0.106037938
10/04/07 00:00:00,0.087987554
10/08/07 00:00:00,0.071854085
10/12/07 00:00:00,0.099366216
10/16/07 00:00:00,0.091707582
10/20/07 00:00:00,0.134958171
10/24/07 00:00:00,0.123723657
10/28/07 00:00:00,0.11063015
11/01/07 00:00:00,0.119205132
11/05/07 00:00:00,0.142138479
11/09/07 00:00:00,0.141174448
11/13/07 00:00:00,0.139261321
11/17/07 00:00:00,0.136089839
11/21/07 00:00:00,0.13130514
11/25/07 00:00:00,0.124525069
11/29/07 00:00:00,0.115376883
12/03/07 00:00:00,0.10355586
12/07/07 00:00:00,0.088903482
12/11/07 00:00:00,0.071491924
12/15/07 00:00:00,0.051688743
12/19/07 00:00:00,0.030169233
12/23/07 00:00:00,0.007853352
12/27/07 00:00:00,-0.014228343
12/31/07 00:00:00,-0.035102092
01/01/08 00:00:00,-0.098044045
01/05/08 00:00:00,-0.093583645
01/09/08 00:00:00,-0.088386461
01/13/08 00:00:00,-0.082786472
01/17/08 00:00:00,-0.077069538
01/21/08 00:00:00,-0.071455422
01/25/08 00:00:00,-0.066096455
01/29/08 00:00:00,-0.061086241
02/02/08 00:00:00,-0.056472449
02/06/08 00:00:00,-0.052269732
02/10/08 00:00:00,-0.048470783
02/14/08 00:00:00,-0.045054879
02/18/08 00:00:00,-0.041994027
02/22/08 00:00:00,-0.039257131
02/26/08 00:00:00,-0.036812663
03/01/08 00:00:00,-0.034630275
03/05/08 00:00:00,-0.03268168
03/09/08 00:00:00,-0.030941067
03/13/08 00:00:00,-0.029385219
03/17/08 00:00:00,-0.027993454
03/21/08 00:00:00,-0.026747471
03/25/08 00:00:00,-0.025631145
03/29/08 00:00:00,-0.024630311
04/02/08 00:00:00,-0.02373254
04/06/08 00:00:00,-0.022926943
04/10/08 00:00:00,-0.022203978
04/14/08 00:00:00,-0.021555283
04/18/08 00:00:00,-0.020973527
04/22/08 00:00:00,-0.020452286
04/26/08 00:00:00,-0.019985925
04/30/08 00:00:00,-0.019569501
05/04/08 00:00:00,-0.019198687
05/08/08 00:00:00,-0.018869695
05/12/08 00:00:00,-0.018579217
05/16/08 00:00:00,-0.018324375
05/20/08 00:00:00,-0.018102678
05/24/08 00:00:00,-0.017911985
05/28/08 00:00:00,-0.017750473
06/01/08 00:00:00,0.083576435
06/05/08 00:00:00,0.07908418
06/09/08 00:00:00,0.081722586
06/13/08 00:00:00,0.08826414
06/17/08 00:00:00,0.103577414
06/21/08 00:00:00,0.119213222
06/25/08 00:00:00,0.15047374
06/29/08 00:00:00,0.172747828
07/03/08 00:00:00,0.201373627
07/07/08 00:00:00,0.21921806
07/11/08 00:00:00,0.240278796
07/15/08 00:00:00,0.267326687
07/19/08 00:00:00,0.284002535
07/23/08 00:00:00,0.310072693
07/27/08 00:00:00,0.330676959
07/31/08 00:00:00,0.350744861
08/04/08 00:00:00,0.342389153
08/08/08 00:00:00,0.328498089
08/12/08 00:00:00,0.32428085
08/16/08 00:00:00,0.331907342
08/20/08 00:00:00,0.320555126
08/24/08 00:00:00,0.288499764
08/28/08 00:00:00,0.281804683
09/01/08 00:00:00,0.286587581
09/05/08 00:00:00,0.299719711
09/09/08 00:00:00,0.319920515
09/13/08 00:00:00,0.248864016
09/17/08 00:00:00,0.198652737
09/21/08 00:00:00,0.206359652
09/25/08 00:00:00,0.209574515
09/29/08 00:00:00,0.145975164
10/03/08 00:00:00,0.135160174
10/07/08 00:00:00,0.137729147
10/11/08 00:00:00,0.14555913
10/15/08 00:00:00,0.128414968
10/19/08 00:00:00,0.121121134
10/23/08 00:00:00,0.100329348
10/27/08 00:00:00,0.093207272
10/31/08 00:00:00,0.08973669
11/04/08 00:00:00,-0.053236835
11/08/08 00:00:00,-0.057528512
11/12/08 00:00:00,-0.062228445
11/16/08 00:00:00,-0.067315573
11/20/08 00:00:00,-0.072733243
11/24/08 00:00:00,-0.078376168
11/28/08 00:00:00,-0.084078162
12/02/08 00:00:00,-0.089605076
12/06/08 00:00:00,-0.094659134
12/10/08 00:00:00,-0.098901052
12/14/08 00:00:00,-0.101992679
12/18/08 00:00:00,-0.103654857
12/22/08 00:00:00,-0.103725328
12/26/08 00:00:00,-0.102196298
12/30/08 00:00:00,-0.099216408
01/01/09 00:00:00,-0.097263674
01/05/09 00:00:00,-0.092637567
01/09/09 00:00:00,-0.087340271
01/13/09 00:00:00,-0.08169889
01/17/09 00:00:00,-0.07598749
01/21/09 00:00:00,-0.070412719
01/25/09 00:00:00,-0.065114896
01/29/09 00:00:00,-0.060177889
02/02/09 00:00:00,-0.055642158
02/06/09 00:00:00,-0.05151743
02/10/09 00:00:00,-0.047793285
02/14/09 00:00:00,-0.04444723
02/18/09 00:00:00,-0.041450423
02/22/09 00:00:00,-0.03877153
02/26/09 00:00:00,-0.036379156
03/02/09 00:00:00,-0.034243297
03/06/09 00:00:00,-0.032336122
03/10/09 00:00:00,-0.030632311
03/14/09 00:00:00,-0.029109142
03/18/09 00:00:00,-0.027746398
03/22/09 00:00:00,-0.026526211
03/26/09 00:00:00,-0.025432846
03/30/09 00:00:00,-0.024452483
04/03/09 00:00:00,-0.023573003
04/07/09 00:00:00,-0.022783787
04/11/09 00:00:00,-0.022075528
04/15/09 00:00:00,-0.021440072
04/19/09 00:00:00,-0.020870271
04/23/09 00:00:00,-0.020359856
04/27/09 00:00:00,-0.019903333
05/01/09 00:00:00,-0.019495881
05/05/09 00:00:00,-0.019133281
05/09/09 00:00:00,-0.018811839
05/13/09 00:00:00,-0.018528334
05/17/09 00:00:00,-0.018279964
05/21/09 00:00:00,-0.018064307
05/25/09 00:00:00,-0.017879284
05/29/09 00:00:00,-0.01772313
06/02/09 00:00:00,-0.017594372
06/06/09 00:00:00,-0.017491803
06/10/09 00:00:00,-0.017414475
06/14/09 00:00:00,-0.017361677
06/18/09 00:00:00,0.061412147
06/22/09 00:00:00,0.062658406
06/26/09 00:00:00,0.068656682
06/30/09 00:00:00,0.096792903
07/04/09 00:00:00,0.104218546
07/08/09 00:00:00,0.112126203
07/12/09 00:00:00,0.132579704
07/16/09 00:00:00,0.13967829
07/20/09 00:00:00,0.173792909
07/24/09 00:00:00,0.191039842
07/28/09 00:00:00,0.219212619
08/01/09 00:00:00,0.232528994
08/05/09 00:00:00,0.237113193
08/09/09 00:00:00,0.268121471
08/13/09 00:00:00,0.2821195
08/17/09 00:00:00,0.299228776
08/21/09 00:00:00,0.313244415
08/25/09 00:00:00,0.320007652
08/29/09 00:00:00,0.315114042
09/02/09 00:00:00,0.314196043
09/06/09 00:00:00,0.309742355
09/10/09 00:00:00,0.28969457
09/14/09 00:00:00,0.266836513
09/18/09 00:00:00,0.262049415
09/22/09 00:00:00,0.25781108
09/26/09 00:00:00,0.245751135
09/30/09 00:00:00,0.176781908
10/04/09 00:00:00,-0.031685254
10/08/09 00:00:00,-0.033512466
10/12/09 00:00:00,-0.035557743
10/16/09 00:00:00,-0.03784782
10/20/09 00:00:00,-0.040411749
10/24/09 00:00:00,-0.043280313
10/28/09 00:00:00,-0.046484881
11/01/09 00:00:00,-0.050055409
11/05/09 00:00:00,-0.054017223
11/09/09 00:00:00,-0.058386126
11/13/09 00:00:00,-0.063161345
11/17/09 00:00:00,-0.06831601
11/21/09 00:00:00,-0.073785265
11/25/09 00:00:00,-0.079453141
11/29/09 00:00:00,-0.08514089
12/03/09 00:00:00,-0.090601558
12/07/09 00:00:00,-0.095527267
12/11/09 00:00:00,-0.099575182
12/15/09 00:00:00,-0.102413745
12/19/09 00:00:00,-0.103781942
12/23/09 00:00:00,-0.103544904
12/27/09 00:00:00,-0.101725529
12/31/09 00:00:00,-0.098499095
01/01/10 00:00:00,-0.097504676
01/05/10 00:00:00,-0.092931342
01/09/10 00:00:00,-0.087666081
01/13/10 00:00:00,-0.08203821
01/17/10 00:00:00,-0.076325529
01/21/10 00:00:00,-0.070738818
01/25/10 00:00:00,-0.065422168
01/29/10 00:00:00,-0.060462499
02/02/10 00:00:00,-0.055902535
02/06/10 00:00:00,-0.051753547
02/10/10 00:00:00,-0.048006098
02/14/10 00:00:00,-0.044638253
02/18/10 00:00:00,-0.041621445
02/22/10 00:00:00,-0.038924417
02/26/10 00:00:00,-0.03651574
03/02/10 00:00:00,-0.034365306
03/06/10 00:00:00,-0.032445145
03/10/10 00:00:00,-0.030729786
03/14/10 00:00:00,-0.029196355
03/18/10 00:00:00,-0.027824491
03/22/10 00:00:00,-0.026596193
03/26/10 00:00:00,-0.025495603
03/30/10 00:00:00,-0.024508794
04/03/10 00:00:00,-0.023623553
04/07/10 00:00:00,-0.022829174
04/11/10 00:00:00,-0.022116278
04/15/10 00:00:00,-0.021476645
04/19/10 00:00:00,-0.020903072
04/23/10 00:00:00,-0.020389239
04/27/10 00:00:00,-0.019929609
05/01/10 00:00:00,-0.019519323
05/05/10 00:00:00,-0.019154128
05/09/10 00:00:00,-0.0188303
05/13/10 00:00:00,-0.01854459
05/17/10 00:00:00,-0.018294174
05/21/10 00:00:00,0.093172926
05/25/10 00:00:00,0.101443619
05/29/10 00:00:00,0.098738361
06/02/10 00:00:00,0.1006436
06/06/10 00:00:00,0.117448728
06/10/10 00:00:00,0.134547312
06/14/10 00:00:00,0.14325593
06/18/10 00:00:00,0.146562209
06/22/10 00:00:00,0.175059367
06/26/10 00:00:00,0.188120953
06/30/10 00:00:00,0.198338821
07/04/10 00:00:00,0.200447639
07/08/10 00:00:00,0.212800496
07/12/10 00:00:00,0.23345268
07/16/10 00:00:00,0.253425931
07/20/10 00:00:00,0.287048512
07/24/10 00:00:00,0.293150836
07/28/10 00:00:00,0.314138052
08/01/10 00:00:00,0.313706984
08/05/10 00:00:00,0.315535641
08/09/10 00:00:00,0.309478712
08/13/10 00:00:00,0.283243859
08/17/10 00:00:00,0.218545836
08/21/10 00:00:00,0.211774021
08/25/10 00:00:00,0.195122271
08/29/10 00:00:00,0.173906008
09/02/10 00:00:00,0.176893116
09/06/10 00:00:00,0.170030893
09/10/10 00:00:00,0.160707877
09/14/10 00:00:00,0.15950199
09/18/10 00:00:00,0.122181075
09/22/10 00:00:00,0.118894586
09/26/10 00:00:00,0.095139779
09/30/10 00:00:00,0.110299889
10/04/10 00:00:00,0.099600871
10/08/10 00:00:00,0.097347541
10/12/10 00:00:00,0.072689551
10/16/10 00:00:00,0.197360026
10/20/10 00:00:00,-0.040247614
10/24/10 00:00:00,-0.043096592
10/28/10 00:00:00,-0.046279626
11/01/10 00:00:00,-0.049826819
11/05/10 00:00:00,-0.053763884
11/09/10 00:00:00,-0.058107357
11/13/10 00:00:00,-0.062857698
11/17/10 00:00:00,-0.067989918
11/21/10 00:00:00,-0.073441825
11/25/10 00:00:00,-0.079100921
11/29/10 00:00:00,-0.084792534
12/03/10 00:00:00,-0.090273859
12/07/10 00:00:00,-0.095240271
12/11/10 00:00:00,-0.099350053
12/15/10 00:00:00,-0.102269474
12/19/10 00:00:00,-0.103731641
12/23/10 00:00:00,-0.103592876
12/27/10 00:00:00,-0.101866267
12/31/10 00:00:00,-0.098718638
01/01/11 00:00:00,-0.097741031
01/05/11 00:00:00,-0.093221987
01/09/11 00:00:00,-0.087990194
01/13/11 00:00:00,-0.082377038
01/17/11 00:00:00,-0.076663996
01/21/11 00:00:00,-0.071065981
01/25/11 00:00:00,-0.065730898
01/29/11 00:00:00,-0.060748776
02/02/11 00:00:00,-0.056164649
02/06/11 00:00:00,-0.051991384
02/10/11 00:00:00,-0.048220555
02/14/11 00:00:00,-0.044830814
02/18/11 00:00:00,-0.041793882
02/22/11 00:00:00,-0.039078595
02/26/11 00:00:00,-0.036653493
03/02/11 00:00:00,-0.034488369
03/06/11 00:00:00,-0.032555115
03/10/11 00:00:00,-0.030828112
03/14/11 00:00:00,-0.029284332
03/18/11 00:00:00,-0.02790327
03/22/11 00:00:00,-0.02666679
03/26/11 00:00:00,-0.025558914
03/30/11 00:00:00,-0.024565605
04/03/11 00:00:00,-0.023674553
04/07/11 00:00:00,-0.022874968
04/11/11 00:00:00,-0.022157396
04/15/11 00:00:00,-0.021513553
04/19/11 00:00:00,-0.020936177
04/23/11 00:00:00,-0.020418899
04/27/11 00:00:00,-0.019956138
05/01/11 00:00:00,-0.019542997
05/05/11 00:00:00,-0.019175187
05/09/11 00:00:00,-0.018848955
05/13/11 00:00:00,-0.018561026
05/17/11 00:00:00,-0.01830855
05/21/11 00:00:00,-0.018089061
05/25/11 00:00:00,-0.01790044
05/29/11 00:00:00,-0.017740886
06/02/11 00:00:00,0.088668469
06/06/11 00:00:00,0.086544686
06/10/11 00:00:00,0.09797063
06/14/11 00:00:00,0.105971767
06/18/11 00:00:00,0.121613886
06/22/11 00:00:00,0.136297031
06/26/11 00:00:00,0.160975489
06/30/11 00:00:00,0.186178224
07/04/11 00:00:00,0.212002811
07/08/11 00:00:00,0.244280565
07/12/11 00:00:00,0.265044721
07/16/11 00:00:00,0.309175442
07/20/11 00:00:00,0.330957605
07/24/11 00:00:00,0.354144382
07/28/11 00:00:00,0.373948062
08/01/11 00:00:00,0.406014151
08/05/11 00:00:00,0.411275308
08/09/11 00:00:00,0.414563281
08/13/11 00:00:00,0.399282264
08/17/11 00:00:00,0.362102871
08/21/11 00:00:00,0.317647761
08/25/11 00:00:00,0.301183283
08/29/11 00:00:00,0.295770212
09/02/11 00:00:00,0.293402125
09/06/11 00:00:00,0.285737396
09/10/11 00:00:00,0.288733531
09/14/11 00:00:00,0.265662495
09/18/11 00:00:00,0.263568383
09/22/11 00:00:00,0.23664012
09/26/11 00:00:00,0.218789015
09/30/11 00:00:00,0.228591768
10/04/11 00:00:00,0.154978776
10/08/11 00:00:00,0.176537561
10/12/11 00:00:00,0.189922715
10/16/11 00:00:00,-0.037555509
10/20/11 00:00:00,-0.040084233
10/24/11 00:00:00,-0.042913698
10/28/11 00:00:00,0.479159525
11/01/11 00:00:00,-0.049599168
11/05/11 00:00:00,-0.053511493
11/09/11 00:00:00,-0.057829486
11/13/11 00:00:00,-0.062554806
11/17/11 00:00:00,-0.067664308
11/21/11 00:00:00,-0.07309842
11/25/11 00:00:00,-0.078748072
11/29/11 00:00:00,-0.084442654
12/03/11 00:00:00,-0.089943536
12/07/11 00:00:00,-0.094949444
12/11/11 00:00:00,-0.099119944
12/15/11 00:00:00,-0.102119356
12/19/11 00:00:00,-0.103675114
12/23/11 00:00:00,-0.103634844
12/27/11 00:00:00,-0.102001802
12/31/11 00:00:00,-0.098934194
01/01/12 00:00:00,-0.097973741
01/05/12 00:00:00,-0.093510397
01/09/12 00:00:00,-0.088313396
01/13/12 00:00:00,-0.082716057
01/17/12 00:00:00,-0.077003475
01/21/12 00:00:00,-0.071394704
01/25/12 00:00:00,-0.066041503
01/29/12 00:00:00,-0.061037064
02/02/12 00:00:00,-0.056428787
02/06/12 00:00:00,-0.052231173
02/10/12 00:00:00,-0.048436846
02/14/12 00:00:00,-0.045025067
02/18/12 00:00:00,-0.041967859
02/22/12 00:00:00,-0.039234162
02/26/12 00:00:00,-0.036792493
03/01/12 00:00:00,-0.034612546
03/05/12 00:00:00,-0.032666079
03/09/12 00:00:00,-0.030927323
03/13/12 00:00:00,-0.029373097
03/17/12 00:00:00,-0.027982752
03/21/12 00:00:00,-0.026738015
03/25/12 00:00:00,-0.025622785
03/29/12 00:00:00,-0.024622916
04/02/12 00:00:00,-0.023726001
04/06/12 00:00:00,-0.022921164
04/10/12 00:00:00,-0.022198875
04/14/12 00:00:00,-0.021550785
04/18/12 00:00:00,-0.020969574
04/22/12 00:00:00,-0.020448823
04/26/12 00:00:00,-0.019982906
04/30/12 00:00:00,-0.019566887
05/04/12 00:00:00,-0.019196442
05/08/12 00:00:00,-0.018867789
05/12/12 00:00:00,-0.018577625
05/16/12 00:00:00,-0.018323075
05/20/12 00:00:00,0.118735218
05/24/12 00:00:00,0.125722831
05/28/12 00:00:00,0.130880496
06/01/12 00:00:00,0.12089734
06/05/12 00:00:00,0.122240491
06/09/12 00:00:00,0.130918972
06/13/12 00:00:00,0.136858627
06/17/12 00:00:00,0.146575213
06/21/12 00:00:00,0.149879638
06/25/12 00:00:00,0.166660689
06/29/12 00:00:00,0.211730868
07/03/12 00:00:00,0.245532522
07/07/12 00:00:00,0.269216749
07/11/12 00:00:00,0.303328813
07/15/12 00:00:00,0.328783067
07/19/12 00:00:00,0.341449636
07/23/12 00:00:00,0.370421223
07/27/12 00:00:00,0.38054496
07/31/12 00:00:00,0.39128355
08/04/12 00:00:00,0.394665821
08/08/12 00:00:00,0.390868834
08/12/12 00:00:00,0.397685163
08/16/12 00:00:00,0.394474769
08/20/12 00:00:00,0.3885869
08/24/12 00:00:00,0.380974218
08/28/12 00:00:00,0.341208674
09/01/12 00:00:00,0.255439664
09/05/12 00:00:00,0.262736152
09/09/12 00:00:00,0.247255485
09/13/12 00:00:00,0.240064065
09/17/12 00:00:00,0.25098601
09/21/12 00:00:00,0.191695377
09/25/12 00:00:00,0.147141711
09/29/12 00:00:00,0.137253667
10/03/12 00:00:00,0.127288592
10/07/12 00:00:00,0.144343815
10/11/12 00:00:00,0.121519816
10/15/12 00:00:00,0.080357844
10/19/12 00:00:00,0.086198931
10/23/12 00:00:00,0.089805455
10/27/12 00:00:00,-0.045871936
10/31/12 00:00:00,-0.049372641
11/04/12 00:00:00,-0.053260288
11/08/12 00:00:00,-0.057552816
11/12/12 00:00:00,-0.062253053
11/16/12 00:00:00,-0.067339658
11/20/12 00:00:00,-0.072755636
11/24/12 00:00:00,-0.078395305
11/28/12 00:00:00,-0.084092096
12/02/12 00:00:00,-0.08961157
12/06/12 00:00:00,-0.094655887
12/10/12 00:00:00,-0.098886052
12/14/12 00:00:00,-0.101964641
12/18/12 00:00:00,-0.103613611
12/22/12 00:00:00,-0.103672013
12/26/12 00:00:00,-0.102133254
12/30/12 00:00:00,-0.099146774
01/01/13 00:00:00,-0.065129748
01/05/13 00:00:00,-0.077296509
01/09/13 00:00:00,-0.087268343
01/13/13 00:00:00,-0.081630413
01/17/13 00:00:00,-0.075923876
01/21/13 00:00:00,-0.070354718
01/25/13 00:00:00,-0.065062744
01/29/13 00:00:00,-0.060131466
02/02/13 00:00:00,-0.055601124
02/06/13 00:00:00,-0.051481326
02/10/13 00:00:00,-0.04776161
02/14/13 00:00:00,-0.04441948
02/18/13 00:00:00,-0.041426125
02/22/13 00:00:00,-0.038750248
02/26/13 00:00:00,-0.036360503
03/02/13 00:00:00,-0.034226932
03/06/13 00:00:00,-0.032321747
03/10/13 00:00:00,-0.03061967
03/14/13 00:00:00,-0.029098011
03/18/13 00:00:00,-0.027736588
03/22/13 00:00:00,-0.026517558
03/26/13 00:00:00,-0.025425209
03/30/13 00:00:00,-0.024445742
04/03/13 00:00:00,-0.023567055
04/07/13 00:00:00,-0.022778541
04/11/13 00:00:00,-0.022070908
04/15/13 00:00:00,-0.021436012
04/19/13 00:00:00,-0.020866713
04/23/13 00:00:00,-0.020356751
04/27/13 00:00:00,-0.019900637
05/01/13 00:00:00,-0.019493559
05/05/13 00:00:00,-0.019131299
05/09/13 00:00:00,-0.018810171
05/13/13 00:00:00,-0.018526956
05/17/13 00:00:00,-0.018278855
05/21/13 00:00:00,-0.01210727
05/25/13 00:00:00,0.075676046
05/29/13 00:00:00,0.094440109
06/02/13 00:00:00,0.107813753
06/06/13 00:00:00,0.124380575
06/10/13 00:00:00,0.138339236
06/14/13 00:00:00,0.161265523
06/18/13 00:00:00,0.182051181
06/22/13 00:00:00,0.201232327
06/26/13 00:00:00,0.214612038
06/30/13 00:00:00,0.242671616
07/04/13 00:00:00,0.276984028
07/08/13 00:00:00,0.304826632
07/12/13 00:00:00,0.315153095
07/16/13 00:00:00,0.328038096
07/20/13 00:00:00,0.324226957
07/24/13 00:00:00,0.327797176
07/28/13 00:00:00,0.329634731
08/01/13 00:00:00,0.285535091
08/05/13 00:00:00,0.249993955
08/09/13 00:00:00,0.260099454
08/13/13 00:00:00,0.256837178
08/17/13 00:00:00,0.261855328
08/21/13 00:00:00,0.270353199
08/25/13 00:00:00,0.254033551
08/29/13 00:00:00,0.243523584
09/02/13 00:00:00,0.227054011
09/06/13 00:00:00,0.235734297
09/10/13 00:00:00,0.209348062
09/14/13 00:00:00,0.161043144
09/18/13 00:00:00,0.167352894
09/22/13 00:00:00,0.170380096
09/26/13 00:00:00,0.190266074
09/30/13 00:00:00,0.13526537
10/04/13 00:00:00,0.086187601
10/08/13 00:00:00,0.090916205
10/12/13 00:00:00,0.142449166
10/16/13 00:00:00,0.147855858
10/20/13 00:00:00,0.099608416
10/24/13 00:00:00,0
10/28/13 00:00:00,0
11/01/13 00:00:00,0
11/05/13 00:00:00,0
11/09/13 00:00:00,0
11/13/13 00:00:00,0
11/17/13 00:00:00,0
11/21/13 00:00:00,0
11/25/13 00:00:00,0
11/29/13 00:00:00,0
12/03/13 00:00:00,0
12/07/13 00:00:00,0
12/11/13 00:00:00,0
12/15/13 00:00:00,0
12/19/13 00:00:00,0
12/23/13 00:00:00,0
12/27/13 00:00:00,0
12/31/13 00:00:00,0
01/01/14 00:00:00,-0.097436758
01/05/14 00:00:00,-0.092861965
01/09/14 00:00:00,-0.087597948
01/13/14 00:00:00,-0.081973364
01/17/14 00:00:00,-0.076265307
01/21/14 00:00:00,-0.070683929
01/25/14 00:00:00,-0.065372834
01/29/14 00:00:00,-0.060418605
02/02/14 00:00:00,-0.055863753
02/06/14 00:00:00,-0.051719442
02/10/14 00:00:00,-0.04797619
02/14/14 00:00:00,-0.044612064
02/18/14 00:00:00,-0.041598523
02/22/14 00:00:00,-0.038904349
02/26/14 00:00:00,-0.036498157
03/02/14 00:00:00,-0.034349885
03/06/14 00:00:00,-0.032431603
03/10/14 00:00:00,-0.03071788
03/14/14 00:00:00,-0.029185874
03/18/14 00:00:00,-0.027815255
03/22/14 00:00:00,-0.026588047
03/26/14 00:00:00,-0.025488413
03/30/14 00:00:00,-0.024502448
04/03/14 00:00:00,-0.023617951
04/07/14 00:00:00,-0.022824232
04/11/14 00:00:00,-0.022111924
04/15/14 00:00:00,-0.021472817
04/19/14 00:00:00,-0.020899714
04/23/14 00:00:00,-0.020386306
04/27/14 00:00:00,-0.01992706
05/01/14 00:00:00,-0.019517124
05/05/14 00:00:00,-0.019152247
05/09/14 00:00:00,-0.018828712
05/13/14 00:00:00,-0.018543274
05/17/14 00:00:00,-0.01829311
05/21/14 00:00:00,-0.018075779
05/25/14 00:00:00,0.070279561
05/29/14 00:00:00,0.062103175
06/02/14 00:00:00,0.063992182
06/06/14 00:00:00,0.072523649
06/10/14 00:00:00,0.095651998
06/14/14 00:00:00,0.118424492
06/18/14 00:00:00,0.142391171
06/22/14 00:00:00,0.165820411
06/26/14 00:00:00,0.192454989
06/30/14 00:00:00,0.213210212
07/04/14 00:00:00,0.233784891
07/08/14 00:00:00,0.244477427
07/12/14 00:00:00,0.276603232
07/16/14 00:00:00,0.283788211
07/20/14 00:00:00,0.295173797
07/24/14 00:00:00,0.331382255
07/28/14 00:00:00,0.337937821
08/01/14 00:00:00,0.366034534
08/05/14 00:00:00,0.373985178
08/09/14 00:00:00,0.367878389
08/13/14 00:00:00,0.368586448
08/17/14 00:00:00,0.350219857
08/21/14 00:00:00,0.323102571
08/25/14 00:00:00,0.307770262
08/29/14 00:00:00,0.293809665
09/02/14 00:00:00,0.288612362
09/06/14 00:00:00,0.290746771
09/10/14 00:00:00,0.286747709
09/14/14 00:00:00,0.293566093
09/18/14 00:00:00,0.160847854
09/22/14 00:00:00,0.134133267
09/26/14 00:00:00,0.141377929
09/30/14 00:00:00,0.135144794
10/04/14 00:00:00,0.094348221
10/08/14 00:00:00,0.060140668
10/12/14 00:00:00,0.036621053
10/16/14 00:00:00,0.000931296
10/20/14 00:00:00,-0.096948234
10/24/14 00:00:00,-0.083578741
10/28/14 00:00:00,-0.068024942
11/01/14 00:00:00,-0.049846579
11/05/14 00:00:00,-0.053784679
11/09/14 00:00:00,-0.058128882
11/13/14 00:00:00,-0.062879462
11/17/14 00:00:00,-0.068011179
11/21/14 00:00:00,-0.07346154
11/25/14 00:00:00,-0.079117705
11/29/14 00:00:00,-0.084804674
12/03/14 00:00:00,-0.090279408
12/07/14 00:00:00,-0.095237253
12/11/14 00:00:00,-0.099336782
12/15/14 00:00:00,-0.102244928
12/19/14 00:00:00,-0.103695786
12/23/14 00:00:00,-0.103546801
12/27/14 00:00:00,-0.101812067
12/31/14 00:00:00,-0.098659042
01/01/15 00:00:00,-0.097680542
01/05/15 00:00:00,-0.093159695
01/09/15 00:00:00,-0.087928618
01/13/15 00:00:00,-0.082318119
01/17/15 00:00:00,-0.076609033
01/21/15 00:00:00,-0.071015696
01/25/15 00:00:00,-0.065685555
01/29/15 00:00:00,-0.060708317
02/02/15 00:00:00,-0.056128813
02/06/15 00:00:00,-0.051959796
02/10/15 00:00:00,-0.048192795
02/14/15 00:00:00,-0.044806458
02/18/15 00:00:00,-0.041772523
02/22/15 00:00:00,-0.03905986
02/26/15 00:00:00,-0.036637048
03/02/15 00:00:00,-0.034473919
03/06/15 00:00:00,-0.032542402
03/10/15 00:00:00,-0.030816913
03/14/15 00:00:00,-0.029274453
03/18/15 00:00:00,-0.027894547
03/22/15 00:00:00,-0.026659079
03/26/15 00:00:00,-0.025552092
03/30/15 00:00:00,-0.024559568
04/03/15 00:00:00,-0.023669209
04/07/15 00:00:00,-0.02287024
04/11/15 00:00:00,-0.022153216
04/15/15 00:00:00,-0.021509863
04/19/15 00:00:00,-0.020932927
04/23/15 00:00:00,-0.020416046
04/27/15 00:00:00,-0.019953644
05/01/15 00:00:00,-0.01954083
05/05/15 00:00:00,-0.019173319
05/09/15 00:00:00,-0.018847362
05/13/15 00:00:00,-0.018559687
05/17/15 00:00:00,-0.016423287
05/21/15 00:00:00,0.093897578
05/25/15 00:00:00,0.093044877
05/29/15 00:00:00,0.099303073
06/02/15 00:00:00,0.10123724
06/06/15 00:00:00,0.102870747
06/10/15 00:00:00,0.098387954
06/14/15 00:00:00,0.107655378
06/18/15 00:00:00,0.116663035
06/22/15 00:00:00,0.147591422
06/26/15 00:00:00,0.178836542
06/30/15 00:00:00,0.186888523
07/04/15 00:00:00,0.187136307
07/08/15 00:00:00,0.184273648
07/12/15 00:00:00,0.197334756
07/16/15 00:00:00,0.224850382
07/20/15 00:00:00,0.25667371
07/24/15 00:00:00,0.256981767
07/28/15 00:00:00,0.267031231
08/01/15 00:00:00,0.298644137
08/05/15 00:00:00,0.384158038
08/09/15 00:00:00,0.313426458
08/13/15 00:00:00,0.287290039
08/17/15 00:00:00,0.290389897
08/21/15 00:00:00,0.296753142
08/25/15 00:00:00,0.292291715
08/29/15 00:00:00,0.303171802
09/02/15 00:00:00,0.270093422
09/06/15 00:00:00,0.257318983
09/10/15 00:00:00,0.252156502
09/14/15 00:00:00,0.237011135
09/18/15 00:00:00,0.199871111
09/22/15 00:00:00,0.14928272
09/26/15 00:00:00,0.133477129
09/30/15 00:00:00,0.137750515
10/04/15 00:00:00,0.141645221
10/08/15 00:00:00,0.13859227
10/12/15 00:00:00,0.108158533
10/16/15 00:00:00,0.134892786
10/20/15 00:00:00,-0.040099763
10/24/15 00:00:00,-0.040804832
10/28/15 00:00:00,-0.046093521
11/01/15 00:00:00,-0.049618791
11/05/15 00:00:00,-0.053532384
11/09/15 00:00:00,-0.057851433
11/13/15 00:00:00,-0.062577431
11/17/15 00:00:00,-0.067687013
11/21/15 00:00:00,-0.073120328
11/25/15 00:00:00,-0.078767984
11/29/15 00:00:00,-0.084459045
12/03/15 00:00:00,-0.089954617
12/07/15 00:00:00,-0.094953333
12/11/15 00:00:00,-0.099114938
12/15/15 00:00:00,-0.102104277
12/19/15 00:00:00,-0.103649629
12/23/15 00:00:00,-0.103599638
12/27/15 00:00:00,-0.101958516
12/31/15 00:00:00,-0.098885137
01/01/16 00:00:00,-0.097923642
01/05/16 00:00:00,-0.093457718
01/09/16 00:00:00,-0.088260468
01/13/16 00:00:00,-0.082664741
01/17/16 00:00:00,-0.07695508
01/21/16 00:00:00,-0.071350017
01/25/16 00:00:00,-0.066000884
01/29/16 00:00:00,-0.061000564
02/02/16 00:00:00,-0.056396253
02/06/16 00:00:00,-0.052202332
02/10/16 00:00:00,-0.048411366
02/14/16 00:00:00,-0.045002599
02/18/16 00:00:00,-0.041948063
02/22/16 00:00:00,-0.03921672
02/26/16 00:00:00,-0.036777115
03/01/16 00:00:00,-0.034598975
03/05/16 00:00:00,-0.032654089
03/09/16 00:00:00,-0.030916715
03/13/16 00:00:00,-0.0293637
03/17/16 00:00:00,-0.027974416
03/21/16 00:00:00,-0.026730612
03/25/16 00:00:00,-0.025616205
03/29/16 00:00:00,-0.024617063
04/02/16 00:00:00,-0.023720793
04/06/16 00:00:00,-0.022916529
04/10/16 00:00:00,-0.022194753
04/14/16 00:00:00,-0.021547122
04/18/16 00:00:00,-0.020966323
04/22/16 00:00:00,-0.020445946
04/26/16 00:00:00,-0.019980366
04/30/16 00:00:00,-0.019564656
05/04/16 00:00:00,-0.019194494
05/08/16 00:00:00,-0.018866101
05/12/16 00:00:00,-0.018576177
05/16/16 00:00:00,-0.018321852
05/20/16 00:00:00,0.093105929
05/24/16 00:00:00,0.095661892
05/28/16 00:00:00,0.101277908
06/01/16 00:00:00,0.097311693
06/05/16 00:00:00,0.088825175
06/09/16 00:00:00,0.103277812
06/13/16 00:00:00,0.10372308
06/17/16 00:00:00,0.12912137
06/21/16 00:00:00,0.157810737
06/25/16 00:00:00,0.182026605
06/29/16 00:00:00,0.187681693
07/03/16 00:00:00,0.221434056
07/07/16 00:00:00,0.228877863
07/11/16 00:00:00,0.248331705
07/15/16 00:00:00,0.27649602
07/19/16 00:00:00,0.311639003
07/23/16 00:00:00,0.333361112
07/27/16 00:00:00,0.342785473
07/31/16 00:00:00,0.34956555
08/04/16 00:00:00,0.339710621
08/08/16 00:00:00,0.317223114
08/12/16 00:00:00,0.322930488
08/16/16 00:00:00,0.303422939
08/20/16 00:00:00,0.302868032
08/24/16 00:00:00,0.306442688
08/28/16 00:00:00,0.303020412
09/01/16 00:00:00,0.294712455
09/05/16 00:00:00,0.244573542
09/09/16 00:00:00,0.255938219
09/13/16 00:00:00,0.204361871
09/17/16 00:00:00,0.101770832
09/21/16 00:00:00,0.096604609
09/25/16 00:00:00,0.08221325
09/29/16 00:00:00,0.081257405
10/03/16 00:00:00,0.065982686
10/07/16 00:00:00,0.093639636
10/11/16 00:00:00,0.13480675
10/15/16 00:00:00,0.182697383
10/19/16 00:00:00,0.193405883
10/23/16 00:00:00,0.201372089
10/27/16 00:00:00,-0.045890619
10/31/16 00:00:00,-0.049392982
11/04/16 00:00:00,-0.05328228
11/08/16 00:00:00,0.221680626
11/12/16 00:00:00,0.142250359
11/16/16 00:00:00,-0.02988459
11/20/16 00:00:00,-0.072781562
11/24/16 00:00:00,-0.078420418
11/28/16 00:00:00,-0.084115055
12/02/16 00:00:00,-0.089630725
12/06/16 00:00:00,-0.094669403
12/10/16 00:00:00,-0.098892142
12/14/16 00:00:00,-0.101961879
12/18/16 00:00:00,-0.103601263
12/22/16 00:00:00,-0.103650255
12/26/16 00:00:00,-0.102103189
12/30/16 00:00:00,-0.099110231
01/01/17 00:00:00,-0.097153058
01/05/17 00:00:00,-0.092522224
01/09/17 00:00:00,-0.08722515
01/13/17 00:00:00,-0.08158786
01/17/17 00:00:00,-0.075883206
01/21/17 00:00:00,-0.070316726
01/25/17 00:00:00,-0.06502785
01/29/17 00:00:00,-0.060099809
02/02/17 00:00:00,-0.055572654
02/06/17 00:00:00,-0.051455874
02/10/17 00:00:00,-0.047738942
02/14/17 00:00:00,-0.044399337
02/18/17 00:00:00,-0.041408245
02/22/17 00:00:00,-0.03873438
02/26/17 00:00:00,-0.036346414
03/02/17 00:00:00,-0.034214413
03/06/17 00:00:00,-0.03231061
03/10/17 00:00:00,-0.03060975
03/14/17 00:00:00,-0.029089164
03/18/17 00:00:00,-0.027728688
03/22/17 00:00:00,-0.026510495
03/26/17 00:00:00,-0.025418888
03/30/17 00:00:00,-0.02444008
04/03/17 00:00:00,-0.02356198
04/07/17 00:00:00,-0.022773992
04/11/17 00:00:00,-0.02206683
04/15/17 00:00:00,-0.021432358
04/19/17 00:00:00,-0.020863442
04/23/17 00:00:00,-0.020353827
04/27/17 00:00:00,-0.01989803
05/01/17 00:00:00,-0.019491241
05/05/17 00:00:00,-0.019129248
05/09/17 00:00:00,-0.018808366
05/13/17 00:00:00,-0.01852538
05/17/17 00:00:00,-0.018277493
05/21/17 00:00:00,-0.01806229
05/25/17 00:00:00,-0.017877695
05/29/17 00:00:00,0.067916339
06/02/17 00:00:00,0.070217665
06/06/17 00:00:00,0.077758959
06/10/17 00:00:00,0.08404307
06/14/17 00:00:00,0.1046793
06/18/17 00:00:00,0.11513653
06/22/17 00:00:00,0.133444565
06/26/17 00:00:00,0.156219219
06/30/17 00:00:00,0.174771991
07/04/17 00:00:00,0.205615622
07/08/17 00:00:00,0.228126225
07/12/17 00:00:00,0.253793421
07/16/17 00:00:00,0.272447111
07/20/17 00:00:00,0.294800611
07/24/17 00:00:00,0.300735673
07/28/17 00:00:00,0.311145337
08/01/17 00:00:00,0.323067239
08/05/17 00:00:00,0.343629925
08/09/17 00:00:00,0.356078944
08/13/17 00:00:00,0.37652897
08/17/17 00:00:00,0.40617759
08/21/17 00:00:00,0.367750246
08/25/17 00:00:00,0.283971841
08/29/17 00:00:00,0.28209683
09/02/17 00:00:00,0.251963876
09/06/17 00:00:00,0.233743717
09/10/17 00:00:00,0.246557312
09/14/17 00:00:00,0.224537916
09/18/17 00:00:00,0.250437217
09/22/17 00:00:00,0.238764079
09/26/17 00:00:00,0.088649874
09/30/17 00:00:00,0.054510882
10/04/17 00:00:00,0.060642039
10/08/17 00:00:00,0.065881806
10/12/17 00:00:00,0.22518292
10/16/17 00:00:00,-0.037878415
10/20/17 00:00:00,-0.040445261
10/24/17 00:00:00,-0.043316926
10/28/17 00:00:00,-0.046524722
11/01/17 00:00:00,-0.050098509
11/05/17 00:00:00,-0.054063457
11/09/17 00:00:00,-0.058435132
11/13/17 00:00:00,-0.063212423
11/17/17 00:00:00,-0.068367995
11/21/17 00:00:00,-0.073836405
11/25/17 00:00:00,-0.079500992
11/29/17 00:00:00,-0.085182295
12/03/17 00:00:00,-0.090632777
12/07/17 00:00:00,-0.095544314
12/11/17 00:00:00,-0.099574402
12/15/17 00:00:00,-0.102392531
12/19/17 00:00:00,-0.103739407
12/23/17 00:00:00,-0.103482245
12/27/17 00:00:00,-0.101645909
12/31/17 00:00:00,-0.098407062
01/01/18 00:00:00,-0.097410333
01/05/18 00:00:00,-0.092830944
01/09/18 00:00:00,-0.08756431
01/13/18 00:00:00,-0.081938844
01/17/18 00:00:00,-0.076231263
01/21/18 00:00:00,-0.070651319
01/25/18 00:00:00,-0.065342259
01/29/18 00:00:00,-0.060390378
02/02/18 00:00:00,-0.055837984
02/06/18 00:00:00,-0.051696098
02/10/18 00:00:00,-0.047955153
02/14/18 00:00:00,-0.04459317
02/18/18 00:00:00,-0.041581585
02/22/18 00:00:00,-0.03888918
02/26/18 00:00:00,-0.036484573
03/02/18 00:00:00,-0.034337716
03/06/18 00:00:00,-0.032420692
03/10/18 00:00:00,-0.030708088
03/14/18 00:00:00,-0.029177076
03/18/18 00:00:00,-0.027807341
03/22/18 00:00:00,-0.026580919
03/26/18 00:00:00,-0.025481988
03/30/18 00:00:00,-0.02449665
04/03/18 00:00:00,-0.023612715
04/07/18 00:00:00,-0.022819502
04/11/18 00:00:00,-0.022107649
04/15/18 00:00:00,-0.021468954
04/19/18 00:00:00,-0.020896225
04/23/18 00:00:00,-0.020383157
04/27/18 00:00:00,-0.019924222
05/01/18 00:00:00,-0.019514571
05/05/18 00:00:00,-0.019149958
05/09/18 00:00:00,-0.018826668
05/13/18 00:00:00,-0.018541457
05/17/18 00:00:00,-0.018291506
05/21/18 00:00:00,-0.018074376
05/25/18 00:00:00,-0.017887972
05/29/18 00:00:00,0.086200236
06/02/18 00:00:00,0.090477356
06/06/18 00:00:00,0.097713878
06/10/18 00:00:00,0.110177974
06/14/18 00:00:00,0.110045212
06/18/18 00:00:00,0.118426777
06/22/18 00:00:00,0.143661517
06/26/18 00:00:00,0.158421311
06/30/18 00:00:00,0.191075538
07/04/18 00:00:00,0.208302438
07/08/18 00:00:00,0.238429049
07/12/18 00:00:00,0.259178018
07/16/18 00:00:00,0.314385195
07/20/18 00:00:00,0.343082157
07/24/18 00:00:00,0.380237362
07/28/18 00:00:00,0.382433251
08/01/18 00:00:00,0.396710306
08/05/18 00:00:00,0.393954752
08/09/18 00:00:00,0.377029849
08/13/18 00:00:00,0.366281969
08/17/18 00:00:00,0.372142267
08/21/18 00:00:00,0.377851648
08/25/18 00:00:00,0.33507795
08/29/18 00:00:00,0.304824416
09/02/18 00:00:00,0.274346386
09/06/18 00:00:00,0.238697079
09/10/18 00:00:00,0.202236826
09/14/18 00:00:00,0.191358595
09/18/18 00:00:00,0.182784901
09/22/18 00:00:00,0.186044767
09/26/18 00:00:00,0.200372301
09/30/18 00:00:00,0.195798472
10/04/18 00:00:00,0.199593227
10/08/18 00:00:00,0.2092983
10/12/18 00:00:00,0.259426328
10/16/18 00:00:00,0.00937547
10/20/18 00:00:00,-0.040281155
10/24/18 00:00:00,-0.043133498
10/28/18 00:00:00,-0.046320114
11/01/18 00:00:00,-0.049871037
11/05/18 00:00:00,-0.053811853
11/09/18 00:00:00,-0.0581589
11/13/18 00:00:00,-0.062912341
11/17/18 00:00:00,-0.068046767
11/21/18 00:00:00,-0.073499431
11/25/18 00:00:00,-0.079157158
11/29/18 00:00:00,-0.084844542
12/03/18 00:00:00,-0.090318109
12/07/18 00:00:00,-0.095272837
12/11/18 00:00:00,-0.099367111
12/15/18 00:00:00,-0.102267987
12/19/18 00:00:00,-0.103710044
12/23/18 00:00:00,-0.103551523
12/27/18 00:00:00,-0.101807459
12/31/18 00:00:00,-0.098646167
01/01/19 00:00:00,-0.097665845
01/05/19 00:00:00,-0.093138854
01/09/19 00:00:00,-0.087903554
01/13/19 00:00:00,-0.082290633
01/17/19 00:00:00,-0.076580634
01/21/19 00:00:00,-0.07098753
01/25/19 00:00:00,-0.065658418
01/29/19 00:00:00,-0.060682707
02/02/19 00:00:00,-0.056105001
02/06/19 00:00:00,-0.051937887
02/10/19 00:00:00,-0.048172785
02/14/19 00:00:00,-0.04478827
02/18/19 00:00:00,-0.041756045
02/22/19 00:00:00,-0.039044959
02/26/19 00:00:00,-0.036623585
03/02/19 00:00:00,-0.034461758
03/06/19 00:00:00,-0.032531414
03/10/19 00:00:00,-0.030806978
03/14/19 00:00:00,-0.029265464
03/18/19 00:00:00,-0.027886405
03/22/19 00:00:00,-0.026651698
03/26/19 00:00:00,-0.025545394
03/30/19 00:00:00,-0.024553484
04/03/19 00:00:00,-0.023663679
04/07/19 00:00:00,-0.022865211
04/11/19 00:00:00,-0.02214864
04/15/19 00:00:00,-0.021505699
04/19/19 00:00:00,-0.020929138
04/23/19 00:00:00,-0.020412601
04/27/19 00:00:00,-0.019950514
05/01/19 00:00:00,-0.01953799
05/05/19 00:00:00,-0.019170747
05/09/19 00:00:00,-0.01884504
05/13/19 00:00:00,-0.018557598
05/17/19 00:00:00,-0.018305577
05/21/19 00:00:00,-0.018086515
05/25/19 00:00:00,-0.017898299
05/29/19 00:00:00,0.049060426
06/02/19 00:00:00,0.127149622
06/06/19 00:00:00,0.109482924
06/10/19 00:00:00,0.117294041
06/14/19 00:00:00,0.131747183
06/18/19 00:00:00,0.130315708
06/22/19 00:00:00,0.142901665
06/26/19 00:00:00,0.158797098
06/30/19 00:00:00,0.175089909
07/04/19 00:00:00,0.195260279
07/08/19 00:00:00,0.209519353
07/12/19 00:00:00,0.237139352
07/16/19 00:00:00,0.285445356
07/20/19 00:00:00,0.330148659
07/24/19 00:00:00,0.349283822
07/28/19 00:00:00,0.364139854
08/01/19 00:00:00,0.382677473
08/05/19 00:00:00,0.351802968
08/09/19 00:00:00,0.275291127
08/13/19 00:00:00,0.313575659
08/17/19 00:00:00,0.305853441
08/21/19 00:00:00,0.29576245
08/25/19 00:00:00,0.279422797
08/29/19 00:00:00,0.217951845
09/02/19 00:00:00,0.187659624
09/06/19 00:00:00,0.195617344
09/10/19 00:00:00,0.198117663
09/14/19 00:00:00,0.181650124
09/18/19 00:00:00,0.168357501
09/22/19 00:00:00,0.114395385
09/26/19 00:00:00,0.109337967
09/30/19 00:00:00,0.119002189
10/04/19 00:00:00,0.109889177
10/08/19 00:00:00,0.107566879
10/12/19 00:00:00,0.106643101
10/16/19 00:00:00,0.081314863
10/20/19 00:00:00,0.08914515
10/24/19 00:00:00,0.174998493
10/28/19 00:00:00,-0.046117427
11/01/19 00:00:00,-0.049645679
11/05/19 00:00:00,-0.053562536
11/09/19 00:00:00,-0.057885087
11/13/19 00:00:00,-0.06261473
11/17/19 00:00:00,-0.067727938
11/21/19 00:00:00,-0.073164611
11/25/19 00:00:00,-0.078815003
11/29/19 00:00:00,-0.084507728
12/03/19 00:00:00,-0.090003387
12/07/19 00:00:00,-0.095000132
12/11/19 00:00:00,-0.099157389
12/15/19 00:00:00,-0.102139987
12/19/19 00:00:00,-0.103676586
12/23/19 00:00:00,-0.10361659
12/27/19 00:00:00,-0.101965201
12/31/19 00:00:00,-0.098882267
