Date,Red,NIR,Blue,SWIR
02/18/00 00:00:00,0.707666667,0.681577778,0.693888889,0.080166667
02/26/00 00:00:00,0.585844444,0.597522222,0.569622222,0.1274
03/05/00 00:00:00,0.685988889,0.6282,0.652888889,0.028488889
03/13/00 00:00:00,0.607911111,0.561755556,0.582155556,0.045766667
03/21/00 00:00:00,0.379355556,0.371433333,0.3487,0.05144
03/29/00 00:00:00,0.635077778,0.679877778,0.592466667,0.2325
04/06/00 00:00:00,0.536755556,0.586177778,0.497711111,0.129283333
04/14/00 00:00:00,0.3208,0.360522222,0.294988889,0.095622222
04/22/00 00:00:00,0.144488889,0.228477778,0.106377778,0.1194125
04/30/00 00:00:00,0.059955556,0.169333333,0.030411111,0.145666667
05/08/00 00:00:00,0.692333333,0.702277778,0.667177778,0.430128571
05/16/00 00:00:00,0.405611111,0.409622222,0.376855556,0.05072
05/24/00 00:00:00,0.053711111,0.1725,0.027555556,0.136277778
06/01/00 00:00:00,0.053177778,0.1726,0.0273,0.1364875
06/09/00 00:00:00,0.052888889,0.179911111,0.0252,0.13815
06/17/00 00:00:00,0.055255556,0.210166667,0.0284,0.1487
06/25/00 00:00:00,0.091377778,0.250066667,0.067233333,0.183355556
07/03/00 00:00:00,0.056044444,0.243588889,0.028155556,0.163288889
07/11/00 00:00:00,0.048488889,0.2293,0.024288889,0.157822222
07/19/00 00:00:00,0.046222222,0.220355556,0.023188889,0.148533333
07/27/00 00:00:00,0.044022222,0.218833333,0.022555556,0.140933333
08/04/00 00:00:00,0.050755556,0.250811111,0.025555556,0.174055556
08/12/00 00:00:00,0.057533333,0.203033333,0.032744444,0.11948
08/20/00 00:00:00,0.048566667,0.222377778,0.024488889,0.159722222
08/28/00 00:00:00,0.045022222,0.204722222,0.022066667,0.135188889
09/05/00 00:00:00,0.051766667,0.211411111,0.025544444,0.1525
09/13/00 00:00:00,0.049333333,0.213666667,0.023788889,0.1613
09/21/00 00:00:00,0.051111111,0.180033333,0.028466667,0.128671429
09/29/00 00:00:00,0.130833333,0.186388889,0.119322222,0.140711111
10/07/00 00:00:00,0.053655556,0.168088889,0.027188889,0.1252375
10/15/00 00:00:00,0.044766667,0.137022222,0.021977778,0.106244444
10/23/00 00:00:00,0.062222222,0.192222222,0.030033333,0.162011111
10/31/00 00:00:00,0.054022222,0.165188889,0.027233333,0.135466667
11/08/00 00:00:00,0.123077778,0.1956,0.107177778,0.206466667
11/16/00 00:00:00,0.562388889,0.590155556,0.559933333,0.151888889
11/24/00 00:00:00,0.514688889,0.506855556,0.561266667,0.250511111
12/02/00 00:00:00,0.521144444,0.548088889,0.525344444,0.104466667
12/10/00 00:00:00,0.499633333,0.524411111,0.519422222,0.146211111
12/18/00 00:00:00,0.439588889,0.440933333,0.422811111,0.117177778
12/26/00 00:00:00,0.496144444,0.4879,0.547222222,0.138211111
01/01/01 00:00:00,0.570344444,0.568711111,0.576044444,0.161544444
01/09/01 00:00:00,0.641644444,0.623888889,0.658,0.103977778
01/17/01 00:00:00,0.6304,0.637888889,0.638111111,0.216511111
01/25/01 00:00:00,0.5645,0.556288889,0.593311111,0.236544444
02/02/01 00:00:00,0.651077778,0.668677778,0.635611111,0.1686
02/10/01 00:00:00,0.585688889,0.581588889,0.598633333,0.125733333
02/18/01 00:00:00,0.7415,0.736633333,0.719066667,0.157522222
02/26/01 00:00:00,0.746188889,0.7378,0.720488889,0.160811111
03/06/01 00:00:00,0.703811111,0.687033333,0.691155556,0.119011111
03/14/01 00:00:00,0.746488889,0.710688889,0.722,0.068755556
03/22/01 00:00:00,0.738777778,0.725422222,0.709966667,0.1162
03/30/01 00:00:00,0.6799,0.611955556,0.658655556,0.039244444
04/07/01 00:00:00,0.518711111,0.478811111,0.492411111,0.047688889
04/15/01 00:00:00,0.329477778,0.3398,0.301088889,0.071833333
04/23/01 00:00:00,0.1028,0.186066667,0.057455556,0.123666667
05/01/01 00:00:00,0.052211111,0.152844444,0.026877778,0.119922222
05/09/01 00:00:00,0.055088889,0.165,0.028666667,0.131211111
05/17/01 00:00:00,0.052144444,0.166588889,0.027333333,0.134844444
05/25/01 00:00:00,0.0654,0.216588889,0.033922222,0.166588889
06/02/01 00:00:00,0.057255556,0.215822222,0.029266667,0.164533333
06/10/01 00:00:00,0.057511111,0.234155556,0.029055556,0.174266667
06/26/01 00:00:00,0.328444444,0.417688889,0.319466667,0.338811111
07/04/01 00:00:00,0.042133333,0.199033333,0.021177778,0.122411111
07/12/01 00:00:00,0.051111111,0.2269,0.026033333,0.158088889
07/20/01 00:00:00,0.054433333,0.231655556,0.027788889,0.162388889
07/28/01 00:00:00,0.082411111,0.206355556,0.063311111,0.151055556
08/05/01 00:00:00,0.048044444,0.2229,0.024133333,0.156077778
08/13/01 00:00:00,0.038833333,0.187566667,0.019133333,0.121355556
08/21/01 00:00:00,0.048322222,0.219155556,0.024666667,0.1529
08/29/01 00:00:00,0.040233333,0.188355556,0.019311111,0.127144444
09/06/01 00:00:00,0.052688889,0.206322222,0.027211111,0.144566667
09/14/01 00:00:00,0.048133333,0.180555556,0.023977778,0.133111111
09/22/01 00:00:00,0.067744444,0.196822222,0.034788889,0.1607
09/30/01 00:00:00,0.1114,0.206922222,0.081688889,0.162966667
10/08/01 00:00:00,0.055766667,0.178233333,0.025977778,0.142544444
10/16/01 00:00:00,0.124355556,0.215644444,0.11,0.178311111
10/24/01 00:00:00,0.485388889,0.481122222,0.475488889,0.072744444
11/01/01 00:00:00,0.091111111,0.210655556,0.044811111,0.157211111
11/09/01 00:00:00,0.194177778,0.305055556,0.158977778,0.113744444
11/17/01 00:00:00,0.165466667,0.329255556,0.089822222,0.228044444
11/25/01 00:00:00,0.547355556,0.580344444,0.5353,0.1684
12/03/01 00:00:00,0.542511111,0.540177778,0.568211111,0.168766667
12/11/01 00:00:00,0.566688889,0.5488,0.608133333,0.215855556
12/19/01 00:00:00,0.567522222,0.563044444,0.5929,0.168088889
12/27/01 00:00:00,0.607111111,0.594677778,0.645277778,0.240444444
01/01/02 00:00:00,0.522777778,0.487377778,0.595533333,0.127877778
01/09/02 00:00:00,0.576366667,0.549622222,0.627833333,0.222377778
01/17/02 00:00:00,0.777711111,0.773555556,0.7707,0.218444444
01/25/02 00:00:00,0.711877778,0.712711111,0.702344444,0.185833333
02/02/02 00:00:00,0.727477778,0.714911111,0.720544444,0.152022222
02/10/02 00:00:00,0.706811111,0.692644444,0.711077778,0.157244444
02/18/02 00:00:00,0.721833333,0.696666667,0.722933333,0.107188889
02/26/02 00:00:00,0.741077778,0.714944444,0.734944444,0.095022222
03/06/02 00:00:00,0.751188889,0.734844444,0.742188889,0.126177778
03/14/02 00:00:00,0.777033333,0.760777778,0.760288889,0.118566667
03/22/02 00:00:00,0.747711111,0.740533333,0.750088889,0.562955556
03/30/02 00:00:00,0.743444444,0.668811111,0.721122222,0.044322222
04/07/02 00:00:00,0.789477778,0.742411111,0.760144444,0.081544444
04/15/02 00:00:00,0.650033333,0.586388889,0.614533333,0.048122222
04/23/02 00:00:00,0.577266667,0.520622222,0.536477778,0.039044444
05/01/02 00:00:00,0.238777778,0.266788889,0.214855556,0.0958
05/09/02 00:00:00,0.241155556,0.285288889,0.206188889,0.075811111
05/17/02 00:00:00,0.203988889,0.268233333,0.176022222,0.086488889
05/25/02 00:00:00,0.055511111,0.153,0.028244444,0.123677778
06/02/02 00:00:00,0.0555,0.165644444,0.028455556,0.137488889
06/10/02 00:00:00,0.059688889,0.184988889,0.031177778,0.154611111
06/18/02 00:00:00,0.058288889,0.211688889,0.03,0.171244444
06/26/02 00:00:00,0.053055556,0.208711111,0.027511111,0.161577778
07/04/02 00:00:00,0.050088889,0.223611111,0.0257,0.1659
07/12/02 00:00:00,0.044611111,0.2213,0.022433333,0.158966667
07/20/02 00:00:00,0.053144444,0.258955556,0.026933333,0.187477778
07/28/02 00:00:00,0.096,0.295088889,0.073966667,0.221477778
08/05/02 00:00:00,0.047944444,0.237111111,0.024388889,0.167111111
08/13/02 00:00:00,0.036255556,0.211066667,0.017922222,0.130544444
08/21/02 00:00:00,0.037811111,0.2035,0.018677778,0.131755556
08/29/02 00:00:00,0.039622222,0.204388889,0.019444444,0.135766667
09/06/02 00:00:00,0.038722222,0.203933333,0.018288889,0.139322222
09/14/02 00:00:00,0.052388889,0.221533333,0.026144444,0.1573
09/22/02 00:00:00,0.0456,0.193122222,0.022077778,0.137388889
09/30/02 00:00:00,0.035344444,0.1248,0.016677778,0.080455556
10/08/02 00:00:00,0.077633333,0.251633333,0.039288889,0.2024
10/16/02 00:00:00,0.319266667,0.392088889,0.294266667,0.110933333
10/24/02 00:00:00,0.254,0.335811111,0.246777778,0.153477778
11/01/02 00:00:00,0.460622222,0.544711111,0.447133333,0.181733333
11/09/02 00:00:00,0.565966667,0.609055556,0.550144444,0.140888889
11/17/02 00:00:00,0.546211111,0.577266667,0.555766667,0.088511111
11/25/02 00:00:00,0.629,0.635488889,0.646866667,0.1491
12/03/02 00:00:00,0.591011111,0.587888889,0.619977778,0.159255556
12/11/02 00:00:00,0.600344444,0.601366667,0.639011111,0.231866667
12/19/02 00:00:00,0.612644444,0.5972,0.655855556,0.126588889
12/27/02 00:00:00,0.6284,0.641877778,0.643988889,0.122988889
01/01/03 00:00:00,0.614155556,0.612711111,0.648944444,0.1217
01/09/03 00:00:00,0.5749,0.544633333,0.629777778,0.191488889
01/17/03 00:00:00,0.7035,0.713433333,0.693266667,0.182188889
01/25/03 00:00:00,0.714422222,0.709244444,0.736977778,0.144188889
02/02/03 00:00:00,0.703744444,0.6954,0.706144444,0.121288889
02/10/03 00:00:00,0.715844444,0.708455556,0.714377778,0.189577778
02/18/03 00:00:00,0.748888889,0.738222222,0.739,0.126477778
02/26/03 00:00:00,0.749366667,0.7361,0.740333333,0.131544444
03/06/03 00:00:00,0.724566667,0.708333333,0.716277778,0.139211111
03/14/03 00:00:00,0.762433333,0.737022222,0.744466667,0.114444444
03/22/03 00:00:00,0.732466667,0.6842,0.711055556,0.094533333
03/30/03 00:00:00,0.769777778,0.732822222,0.741288889,0.082277778
04/07/03 00:00:00,0.680866667,0.606888889,0.6601,0.0502
04/15/03 00:00:00,0.607911111,0.5579,0.585266667,0.054277778
04/23/03 00:00:00,0.480622222,0.4538,0.456077778,0.057966667
05/01/03 00:00:00,0.217366667,0.266166667,0.1997,0.093822222
05/09/03 00:00:00,0.059433333,0.1618,0.030577778,0.124044444
05/17/03 00:00:00,0.052266667,0.164266667,0.0269,0.141
05/25/03 00:00:00,0.0617,0.199711111,0.031355556,0.165055556
06/02/03 00:00:00,0.057955556,0.193977778,0.029855556,0.157566667
06/10/03 00:00:00,0.064533333,0.2234,0.033566667,0.176933333
06/18/03 00:00:00,0.059033333,0.226444444,0.030211111,0.174088889
06/26/03 00:00:00,0.060122222,0.238222222,0.0307,0.168722222
07/04/03 00:00:00,0.048788889,0.211011111,0.024544444,0.139466667
07/12/03 00:00:00,0.048144444,0.221788889,0.024355556,0.147377778
07/20/03 00:00:00,0.049066667,0.221322222,0.0246,0.144733333
07/28/03 00:00:00,0.053588889,0.257677778,0.026955556,0.180688889
08/05/03 00:00:00,0.054122222,0.238955556,0.028411111,0.175055556
08/13/03 00:00:00,0.053855556,0.237111111,0.026933333,0.172244444
08/21/03 00:00:00,0.052077778,0.224888889,0.0262,0.175011111
08/29/03 00:00:00,0.045144444,0.210933333,0.022355556,0.1425
09/06/03 00:00:00,0.051133333,0.207211111,0.024922222,0.157166667
09/14/03 00:00:00,0.060533333,0.222744444,0.030211111,0.174622222
09/22/03 00:00:00,0.134533333,0.227588889,0.1132,0.130688889
09/30/03 00:00:00,0.087766667,0.1771,0.068877778,0.135122222
10/08/03 00:00:00,0.054255556,0.172622222,0.027988889,0.134033333
10/16/03 00:00:00,0.124655556,0.1858,0.122588889,0.175677778
10/24/03 00:00:00,0.340811111,0.418588889,0.325566667,0.144533333
11/01/03 00:00:00,0.318911111,0.425155556,0.289644444,0.135211111
11/09/03 00:00:00,0.360688889,0.433222222,0.344333333,0.087166667
11/17/03 00:00:00,0.120588889,0.232944444,0.065344444,0.108544444
11/25/03 00:00:00,0.580022222,0.5749,0.6114,0.273966667
12/03/03 00:00:00,0.5215,0.525677778,0.5312,0.147588889
12/11/03 00:00:00,0.598144444,0.594977778,0.609133333,0.097533333
12/19/03 00:00:00,0.638833333,0.645422222,0.637633333,0.128877778
12/27/03 00:00:00,0.693633333,0.676711111,0.690811111,0.162866667
01/01/04 00:00:00,0.671855556,0.685177778,0.652844444,0.182722222
01/09/04 00:00:00,0.659122222,0.661133333,0.668244444,0.229477778
01/17/04 00:00:00,0.654388889,0.6624,0.651333333,0.219411111
01/25/04 00:00:00,0.695,0.668322222,0.739422222,0.373055556
02/02/04 00:00:00,0.678288889,0.692588889,0.696955556,0.243544444
02/10/04 00:00:00,0.727244444,0.716722222,0.719788889,0.169577778
02/18/04 00:00:00,0.747733333,0.719611111,0.734611111,0.1132
02/26/04 00:00:00,0.7445,0.729877778,0.739322222,0.141266667
03/05/04 00:00:00,0.755911111,0.740477778,0.742388889,0.119311111
03/13/04 00:00:00,0.769688889,0.747833333,0.760733333,0.1222
03/21/04 00:00:00,0.799911111,0.752555556,0.777055556,0.092988889
03/29/04 00:00:00,0.730655556,0.666766667,0.712911111,0.089766667
04/06/04 00:00:00,0.768511111,0.734122222,0.7441,0.101244444
04/14/04 00:00:00,0.6997,0.606422222,0.679333333,0.032977778
04/22/04 00:00:00,0.6957,0.647488889,0.665333333,0.095177778
04/30/04 00:00:00,0.7598,0.697177778,0.7201,0.058477778
05/08/04 00:00:00,0.385888889,0.371988889,0.361322222,0.069066667
05/16/04 00:00:00,0.056922222,0.152866667,0.029388889,0.114333333
05/24/04 00:00:00,0.055455556,0.156877778,0.028577778,0.130977778
06/01/04 00:00:00,0.063688889,0.180511111,0.032544444,0.155
06/09/04 00:00:00,0.059633333,0.185433333,0.031177778,0.150922222
06/17/04 00:00:00,0.057266667,0.175811111,0.026677778,0.145366667
06/25/04 00:00:00,0.065988889,0.201055556,0.045344444,0.146177778
07/03/04 00:00:00,0.050533333,0.204822222,0.025655556,0.148733333
07/11/04 00:00:00,0.0485,0.218755556,0.024722222,0.147177778
07/19/04 00:00:00,0.048466667,0.229722222,0.0243,0.145466667
07/27/04 00:00:00,0.042911111,0.224988889,0.021033333,0.143011111
08/04/04 00:00:00,0.052366667,0.239366667,0.0265,0.156422222
08/12/04 00:00:00,0.039255556,0.227755556,0.018544444,0.140788889
08/20/04 00:00:00,0.059388889,0.218833333,0.049622222,0.1365
08/28/04 00:00:00,0.0486,0.230633333,0.0238,0.145677778
09/05/04 00:00:00,0.036744444,0.182488889,0.017933333,0.107766667
09/13/04 00:00:00,0.049744444,0.212822222,0.024288889,0.134533333
09/21/04 00:00:00,0.052266667,0.173833333,0.027022222,0.1072
09/29/04 00:00:00,0.048188889,0.182933333,0.023288889,0.132655556
10/07/04 00:00:00,0.046233333,0.161944444,0.023644444,0.116044444
10/15/04 00:00:00,0.126188889,0.230977778,0.099033333,0.084888889
10/23/04 00:00:00,0.042244444,0.145644444,0.020577778,0.105744444
10/31/04 00:00:00,0.252433333,0.321766667,0.236922222,0.248044444
11/08/04 00:00:00,0.394522222,0.469944444,0.375577778,0.121044444
11/16/04 00:00:00,0.231155556,0.333822222,0.204611111,0.123333333
11/24/04 00:00:00,0.521266667,0.5647,0.521733333,0.199677778
12/02/04 00:00:00,0.542011111,0.567866667,0.551555556,0.154277778
12/10/04 00:00:00,0.524144444,0.532633333,0.5468,0.139055556
12/18/04 00:00:00,0.641955556,0.651233333,0.650755556,0.243377778
12/26/04 00:00:00,0.5888,0.605322222,0.589033333,0.167655556
01/01/05 00:00:00,0.605177778,0.632755556,0.584722222,0.169044444
01/09/05 00:00:00,0.584166667,0.580988889,0.6203,0.153977778
01/17/05 00:00:00,0.6566,0.676344444,0.640266667,0.175933333
01/25/05 00:00:00,0.676766667,0.689455556,0.648211111,0.174844444
02/02/05 00:00:00,0.714122222,0.696055556,0.708733333,0.090811111
02/10/05 00:00:00,0.692588889,0.681511111,0.676877778,0.124833333
02/18/05 00:00:00,0.720344444,0.724866667,0.690766667,0.186166667
02/26/05 00:00:00,0.693833333,0.679944444,0.691544444,0.119655556
03/06/05 00:00:00,0.768177778,0.746122222,0.748,0.118411111
03/14/05 00:00:00,0.768444444,0.763022222,0.741766667,0.158611111
03/22/05 00:00:00,0.773544444,0.750444444,0.749411111,0.107655556
03/30/05 00:00:00,0.571911111,0.524344444,0.549088889,0.0425
04/07/05 00:00:00,0.347377778,0.359355556,0.328811111,0.065066667
04/15/05 00:00:00,0.065888889,0.170544444,0.034055556,0.118455556
04/23/05 00:00:00,0.157777778,0.231444444,0.151333333,0.141833333
05/01/05 00:00:00,0.063988889,0.184211111,0.031777778,0.147077778
05/09/05 00:00:00,0.061755556,0.178922222,0.031833333,0.1414
05/17/05 00:00:00,0.063577778,0.189633333,0.032577778,0.1554
05/25/05 00:00:00,0.057122222,0.208777778,0.029155556,0.156355556
06/02/05 00:00:00,0.058477778,0.217811111,0.030311111,0.168822222
06/10/05 00:00:00,0.059255556,0.256611111,0.029688889,0.181911111
06/18/05 00:00:00,0.0593,0.235955556,0.030333333,0.160222222
06/26/05 00:00:00,0.057055556,0.256111111,0.028088889,0.170077778
07/04/05 00:00:00,0.043022222,0.218455556,0.021422222,0.138155556
07/12/05 00:00:00,0.038077778,0.218577778,0.018833333,0.132266667
07/20/05 00:00:00,0.137988889,0.294344444,0.130977778,0.194977778
07/28/05 00:00:00,0.041944444,0.225366667,0.0207,0.137166667
08/05/05 00:00:00,0.056811111,0.276388889,0.0287,0.183977778
08/13/05 00:00:00,0.119133333,0.2875,0.105277778,0.200022222
08/21/05 00:00:00,0.053677778,0.247444444,0.027022222,0.163111111
08/29/05 00:00:00,0.047633333,0.224577778,0.024011111,0.138555556
09/06/05 00:00:00,0.1375,0.278633333,0.115255556,0.225244444
09/14/05 00:00:00,0.040511111,0.177633333,0.020666667,0.113144444
09/22/05 00:00:00,0.0468,0.195155556,0.022222222,0.132355556
09/30/05 00:00:00,0.091366667,0.232433333,0.054266667,0.173277778
10/08/05 00:00:00,0.190288889,0.281944444,0.155,0.098866667
10/16/05 00:00:00,0.146644444,0.229288889,0.134933333,0.173944444
10/24/05 00:00:00,0.058,0.169366667,0.029755556,0.138444444
11/01/05 00:00:00,0.146166667,0.2282,0.129033333,0.184288889
11/09/05 00:00:00,0.462877778,0.472322222,0.468377778,0.203111111
11/17/05 00:00:00,0.5952,0.605155556,0.589311111,0.145488889
11/25/05 00:00:00,0.551766667,0.546755556,0.580966667,0.150644444
12/03/05 00:00:00,0.694566667,0.669133333,0.723522222,0.2292
12/11/05 00:00:00,0.608888889,0.603044444,0.638266667,0.141455556
12/19/05 00:00:00,0.637755556,0.632488889,0.664833333,0.160722222
12/27/05 00:00:00,0.600777778,0.570911111,0.694488889,0.366066667
01/01/06 00:00:00,0.600777778,0.570911111,0.694488889,0.366066667
01/09/06 00:00:00,0.650911111,0.6422,0.682422222,0.129155556
01/17/06 00:00:00,0.5664,0.537455556,0.6305,0.111166667
01/25/06 00:00:00,0.530288889,0.499044444,0.596911111,0.148022222
02/02/06 00:00:00,0.640833333,0.606777778,0.647488889,0.112055556
02/10/06 00:00:00,0.706411111,0.675655556,0.716822222,0.105888889
02/18/06 00:00:00,0.738922222,0.714722222,0.735166667,0.139233333
02/26/06 00:00:00,0.747122222,0.718433333,0.7436,0.126933333
03/06/06 00:00:00,0.762988889,0.731077778,0.754888889,0.138911111
03/14/06 00:00:00,0.7047,0.701333333,0.683844444,0.158055556
03/22/06 00:00:00,0.769922222,0.688888889,0.760355556,0.039066667
03/30/06 00:00:00,0.7138,0.652488889,0.703977778,0.049377778
04/07/06 00:00:00,0.657366667,0.591988889,0.650911111,0.041422222
04/15/06 00:00:00,0.411966667,0.390566667,0.391522222,0.062811111
04/23/06 00:00:00,0.076033333,0.169844444,0.038522222,0.1128
05/01/06 00:00:00,0.054822222,0.151933333,0.028855556,0.116266667
05/09/06 00:00:00,0.057744444,0.1545,0.033188889,0.112444444
05/17/06 00:00:00,0.060188889,0.1892,0.030955556,0.145755556
05/25/06 00:00:00,0.057166667,0.193844444,0.029022222,0.149144444
06/02/06 00:00:00,0.057655556,0.236,0.0294,0.160277778
06/10/06 00:00:00,0.055211111,0.236277778,0.028044444,0.160455556
06/18/06 00:00:00,0.043066667,0.2034,0.021566667,0.119855556
06/26/06 00:00:00,0.0401,0.225711111,0.019655556,0.131322222
07/04/06 00:00:00,0.0447,0.224922222,0.022366667,0.123255556
07/12/06 00:00:00,0.038755556,0.212955556,0.0191,0.124644444
07/20/06 00:00:00,0.051522222,0.261022222,0.0255,0.1549
07/28/06 00:00:00,0.048133333,0.241388889,0.024322222,0.149288889
08/05/06 00:00:00,0.047266667,0.231622222,0.024377778,0.144566667
08/13/06 00:00:00,0.052322222,0.239722222,0.026255556,0.154533333
08/21/06 00:00:00,0.040111111,0.215511111,0.0188,0.133922222
08/29/06 00:00:00,0.044544444,0.216722222,0.022133333,0.137877778
09/06/06 00:00:00,0.054588889,0.222033333,0.028177778,0.152588889
09/14/06 00:00:00,0.483233333,0.546344444,0.468077778,0.444966667
09/22/06 00:00:00,0.062444444,0.233755556,0.028788889,0.175422222
09/30/06 00:00:00,0.058866667,0.195144444,0.0276,0.143911111
10/08/06 00:00:00,0.105244444,0.174022222,0.101255556,0.142266667
10/16/06 00:00:00,0.064666667,0.183544444,0.032955556,0.141855556
10/24/06 00:00:00,0.124855556,0.220977778,0.100766667,0.232511111
11/01/06 00:00:00,0.582933333,0.610577778,0.566922222,0.107122222
11/09/06 00:00:00,0.387466667,0.445711111,0.370411111,0.151933333
11/17/06 00:00:00,0.470788889,0.541611111,0.457333333,0.1376
11/25/06 00:00:00,0.560044444,0.622011111,0.535688889,0.182611111
12/03/06 00:00:00,0.425055556,0.4446,0.469788889,0.107855556
12/11/06 00:00:00,0.428122222,0.434933333,0.4738,0.160177778
12/19/06 00:00:00,0.477588889,0.493388889,0.502411111,0.1186
12/27/06 00:00:00,0.4478,0.446766667,0.495588889,0.099866667
01/01/07 00:00:00,0.511755556,0.520377778,0.526188889,0.134366667
01/09/07 00:00:00,0.593077778,0.632022222,0.556266667,0.176188889
01/17/07 00:00:00,0.464555556,0.467833333,0.509711111,0.168511111
01/25/07 00:00:00,0.643355556,0.667377778,0.619077778,0.183744444
02/02/07 00:00:00,0.559622222,0.602633333,0.534944444,0.157411111
02/10/07 00:00:00,0.662722222,0.666222222,0.658677778,0.204833333
02/18/07 00:00:00,0.672622222,0.672788889,0.664266667,0.106955556
02/26/07 00:00:00,0.649622222,0.6419,0.640488889,0.093033333
03/06/07 00:00:00,0.705744444,0.695433333,0.683777778,0.105555556
03/14/07 00:00:00,0.759322222,0.751066667,0.737344444,0.109922222
03/22/07 00:00:00,0.521133333,0.489733333,0.500944444,0.042811111
03/30/07 00:00:00,0.508233333,0.508533333,0.484611111,0.086111111
04/07/07 00:00:00,0.6801,0.687077778,0.643488889,0.101855556
04/15/07 00:00:00,0.358866667,0.365722222,0.336433333,0.063511111
04/23/07 00:00:00,0.083377778,0.181466667,0.044211111,0.119744444
05/01/07 00:00:00,0.057333333,0.161777778,0.0292,0.129411111
05/09/07 00:00:00,0.065166667,0.188233333,0.033711111,0.160644444
05/17/07 00:00:00,0.069377778,0.198833333,0.036366667,0.160477778
05/25/07 00:00:00,0.057855556,0.170511111,0.029855556,0.1359
06/02/07 00:00:00,0.066311111,0.209788889,0.0342,0.169988889
06/10/07 00:00:00,0.056433333,0.215766667,0.029011111,0.162755556
06/18/07 00:00:00,0.064466667,0.249844444,0.030955556,0.171177778
06/26/07 00:00:00,0.052144444,0.214388889,0.026266667,0.145544444
07/04/07 00:00:00,0.043855556,0.206566667,0.022311111,0.131211111
07/12/07 00:00:00,0.081455556,0.1978,0.075544444,0.131611111
07/20/07 00:00:00,0.059566667,0.263388889,0.028855556,0.180533333
07/28/07 00:00:00,0.051333333,0.234666667,0.0257,0.154355556
08/05/07 00:00:00,0.133311111,0.265366667,0.109966667,0.204022222
08/13/07 00:00:00,0.089833333,0.240177778,0.071288889,0.173711111
08/21/07 00:00:00,0.0428,0.217944444,0.021055556,0.148022222
08/29/07 00:00:00,0.197811111,0.3126,0.196866667,0.236066667
09/06/07 00:00:00,0.049211111,0.215355556,0.024255556,0.155266667
09/14/07 00:00:00,0.051611111,0.200233333,0.025266667,0.1335
09/22/07 00:00:00,0.042077778,0.139166667,0.0205,0.089177778
09/30/07 00:00:00,0.047233333,0.1491,0.023422222,0.109911111
10/08/07 00:00:00,0.047644444,0.156422222,0.024233333,0.116755556
10/16/07 00:00:00,0.045033333,0.150588889,0.022555556,0.118544444
10/24/07 00:00:00,0.048911111,0.148466667,0.024511111,0.1261
11/01/07 00:00:00,0.074044444,0.196566667,0.0388,0.147577778
11/09/07 00:00:00,0.477744444,0.5028,0.4948,0.369966667
11/17/07 00:00:00,0.359811111,0.456033333,0.332022222,0.152988889
11/25/07 00:00:00,0.5508,0.611077778,0.536133333,0.189822222
12/03/07 00:00:00,0.433088889,0.470044444,0.451511111,0.110922222
12/11/07 00:00:00,0.493955556,0.526855556,0.509855556,0.181966667
12/19/07 00:00:00,0.286866667,0.261766667,0.373255556,0.087322222
12/27/07 00:00:00,0.538144444,0.550377778,0.5777,0.126022222
01/01/08 00:00:00,0.540311111,0.533933333,0.551888889,0.067888889
01/09/08 00:00:00,0.533066667,0.543311111,0.531611111,0.117711111
01/17/08 00:00:00,0.585822222,0.598911111,0.593733333,0.1545
01/25/08 00:00:00,0.538244444,0.537755556,0.5662,0.179222222
02/02/08 00:00:00,0.617888889,0.618666667,0.653077778,0.2296
02/10/08 00:00:00,0.708833333,0.6992,0.723633333,0.114122222
02/18/08 00:00:00,0.711211111,0.703955556,0.709911111,0.120955556
02/26/08 00:00:00,0.736488889,0.713744444,0.727822222,0.126533333
03/05/08 00:00:00,0.763666667,0.757077778,0.7467,0.154688889
03/13/08 00:00:00,0.789311111,0.784177778,0.746077778,0.145755556
03/21/08 00:00:00,0.7666,0.7336,0.7476,0.085666667
03/29/08 00:00:00,0.7899,0.753633333,0.764522222,0.079266667
04/06/08 00:00:00,0.7897,0.756288889,0.756488889,0.093255556
04/14/08 00:00:00,0.6319,0.578344444,0.601188889,0.048511111
04/22/08 00:00:00,0.090733333,0.176877778,0.046155556,0.106033333
04/30/08 00:00:00,0.066377778,0.147377778,0.034644444,0.100966667
05/08/08 00:00:00,0.100055556,0.183366667,0.082911111,0.142666667
05/16/08 00:00:00,0.054688889,0.156011111,0.028288889,0.118333333
05/24/08 00:00:00,0.055244444,0.160566667,0.028744444,0.128055556
06/01/08 00:00:00,0.147522222,0.2456,0.141288889,0.185055556
06/09/08 00:00:00,0.066966667,0.201433333,0.035733333,0.151588889
06/17/08 00:00:00,0.196333333,0.305822222,0.188988889,0.235033333
06/25/08 00:00:00,0.060377778,0.2382,0.03,0.162322222
07/03/08 00:00:00,0.050922222,0.222988889,0.026277778,0.138222222
07/11/08 00:00:00,0.053822222,0.276544444,0.0264,0.168577778
07/19/08 00:00:00,0.046033333,0.235588889,0.023244444,0.142177778
07/27/08 00:00:00,0.037566667,0.219466667,0.0184,0.125777778
08/04/08 00:00:00,0.023644444,0.096933333,0.013455556,0.044533333
08/12/08 00:00:00,0.036144444,0.230455556,0.017388889,0.135111111
08/20/08 00:00:00,0.041733333,0.223388889,0.021233333,0.132133333
08/28/08 00:00:00,0.050388889,0.254733333,0.025533333,0.169411111
09/05/08 00:00:00,0.053533333,0.220666667,0.032488889,0.138955556
09/13/08 00:00:00,0.055133333,0.239433333,0.0264,0.167133333
09/21/08 00:00:00,0.047077778,0.206488889,0.023755556,0.136711111
09/29/08 00:00:00,0.071044444,0.234055556,0.033766667,0.183555556
10/07/08 00:00:00,0.054122222,0.176077778,0.026744444,0.126511111
10/15/08 00:00:00,0.069111111,0.2163,0.0319,0.183566667
10/23/08 00:00:00,0.124922222,0.221644444,0.107888889,0.183733333
10/31/08 00:00:00,0.059522222,0.189033333,0.027333333,0.172188889
11/08/08 00:00:00,0.527022222,0.496366667,0.571588889,0.183844444
11/16/08 00:00:00,0.515455556,0.529888889,0.5049,0.2082
11/24/08 00:00:00,0.668222222,0.654622222,0.680588889,0.267366667
12/02/08 00:00:00,0.535755556,0.563488889,0.535411111,0.182222222
12/10/08 00:00:00,0.444544444,0.428944444,0.504533333,0.1245
12/18/08 00:00:00,0.581288889,0.592877778,0.582588889,0.159877778
12/26/08 00:00:00,0.593655556,0.584233333,0.629855556,0.1855
01/01/09 00:00:00,0.5826,0.595333333,0.572766667,0.173666667
01/09/09 00:00:00,0.6038,0.579177778,0.638011111,0.206511111
01/17/09 00:00:00,0.649588889,0.663144444,0.638188889,0.200688889
01/25/09 00:00:00,0.624333333,0.614533333,0.626277778,0.186044444
02/02/09 00:00:00,0.711155556,0.710277778,0.692744444,0.202988889
02/10/09 00:00:00,0.730833333,0.716133333,0.719733333,0.128855556
02/18/09 00:00:00,0.735644444,0.710777778,0.731477778,0.089033333
02/26/09 00:00:00,0.733511111,0.724733333,0.7308,0.125044444
03/06/09 00:00:00,0.7652,0.752188889,0.748322222,0.117211111
03/14/09 00:00:00,0.773388889,0.729755556,0.760611111,0.087477778
03/22/09 00:00:00,0.740544444,0.716788889,0.724388889,0.096722222
03/30/09 00:00:00,0.731566667,0.711033333,0.710733333,0.108955556
04/07/09 00:00:00,0.7759,0.757533333,0.755388889,0.107344444
04/15/09 00:00:00,0.720966667,0.6626,0.689411111,0.067511111
04/23/09 00:00:00,0.574811111,0.541433333,0.539644444,0.080766667
05/01/09 00:00:00,0.285477778,0.302977778,0.258922222,0.067211111
05/09/09 00:00:00,0.071211111,0.166811111,0.037688889,0.110677778
05/17/09 00:00:00,0.214733333,0.267766667,0.186844444,0.068955556
05/25/09 00:00:00,0.063588889,0.174033333,0.032966667,0.134255556
06/02/09 00:00:00,0.263822222,0.373755556,0.215611111,0.306344444
06/10/09 00:00:00,0.065488889,0.215211111,0.033911111,0.167888889
06/18/09 00:00:00,0.0582,0.225544444,0.029966667,0.163955556
06/26/09 00:00:00,0.052733333,0.2206,0.026866667,0.145611111
07/04/09 00:00:00,0.049333333,0.231177778,0.024922222,0.148444444
07/12/09 00:00:00,0.045966667,0.233188889,0.023177778,0.132777778
07/20/09 00:00:00,0.042166667,0.222533333,0.021,0.135244444
07/28/09 00:00:00,0.155344444,0.304911111,0.143866667,0.213377778
08/05/09 00:00:00,0.046233333,0.262055556,0.022688889,0.158066667
08/13/09 00:00:00,0.043644444,0.214188889,0.027777778,0.126666667
08/21/09 00:00:00,0.148877778,0.275811111,0.1406,0.201355556
08/29/09 00:00:00,0.047388889,0.219933333,0.023211111,0.139533333
09/06/09 00:00:00,0.058322222,0.252455556,0.028455556,0.175877778
09/14/09 00:00:00,0.0442,0.1984,0.021566667,0.127922222
09/22/09 00:00:00,0.053044444,0.214188889,0.024088889,0.1556
09/30/09 00:00:00,0.060533333,0.218944444,0.028,0.156822222
10/08/09 00:00:00,0.048488889,0.156755556,0.024511111,0.110733333
10/16/09 00:00:00,0.048077778,0.143255556,0.027677778,0.1114
10/24/09 00:00:00,0.598077778,0.631533333,0.583655556,0.407388889
11/01/09 00:00:00,0.058055556,0.180777778,0.029088889,0.152411111
11/09/09 00:00:00,0.064922222,0.196233333,0.032144444,0.145866667
11/17/09 00:00:00,0.048533333,0.160211111,0.022688889,0.130666667
11/25/09 00:00:00,0.2636,0.342566667,0.254022222,0.181866667
12/03/09 00:00:00,0.305322222,0.340955556,0.339544444,0.142211111
12/11/09 00:00:00,0.342244444,0.3846,0.368655556,0.133711111
12/19/09 00:00:00,0.453011111,0.4948,0.468022222,0.109188889
12/27/09 00:00:00,0.535644444,0.511155556,0.602833333,0.166433333
01/01/10 00:00:00,0.555244444,0.535677778,0.616,0.189955556
01/09/10 00:00:00,0.6613,0.670322222,0.662322222,0.123311111
01/17/10 00:00:00,0.567133333,0.564222222,0.604188889,0.163066667
01/25/10 00:00:00,0.690355556,0.684044444,0.699244444,0.182466667
02/02/10 00:00:00,0.655388889,0.649033333,0.668155556,0.102366667
02/10/10 00:00:00,0.627055556,0.608611111,0.6565,0.194055556
02/18/10 00:00:00,0.675544444,0.671711111,0.669622222,0.109833333
02/26/10 00:00:00,0.735766667,0.704133333,0.723288889,0.076611111
03/06/10 00:00:00,0.681633333,0.640477778,0.671633333,0.062655556
03/14/10 00:00:00,0.518344444,0.514322222,0.493277778,0.0701
03/22/10 00:00:00,0.572255556,0.616333333,0.543211111,0.132177778
03/30/10 00:00:00,0.156966667,0.249688889,0.123255556,0.124677778
04/07/10 00:00:00,0.074922222,0.1958,0.0398,0.153333333
04/15/10 00:00:00,0.070711111,0.180522222,0.036511111,0.114922222
04/23/10 00:00:00,0.067688889,0.194488889,0.035177778,0.150977778
05/01/10 00:00:00,0.221344444,0.312655556,0.201977778,0.216077778
05/09/10 00:00:00,0.074255556,0.207522222,0.037944444,0.169433333
05/17/10 00:00:00,0.065144444,0.197933333,0.033866667,0.155977778
05/25/10 00:00:00,0.059711111,0.2047,0.030444444,0.158055556
06/02/10 00:00:00,0.062188889,0.214288889,0.031744444,0.1543
06/10/10 00:00:00,0.058611111,0.221066667,0.029833333,0.157588889
06/18/10 00:00:00,0.054155556,0.224511111,0.027155556,0.163211111
06/26/10 00:00:00,0.062611111,0.251222222,0.031988889,0.180544444
07/04/10 00:00:00,0.048711111,0.221222222,0.024055556,0.154388889
07/12/10 00:00:00,0.056388889,0.2401,0.028588889,0.166222222
07/20/10 00:00:00,0.051122222,0.230244444,0.025844444,0.162955556
07/28/10 00:00:00,0.053233333,0.253077778,0.026055556,0.166133333
08/05/10 00:00:00,0.057366667,0.254733333,0.028222222,0.1765
08/13/10 00:00:00,0.056566667,0.209044444,0.028688889,0.1454
08/21/10 00:00:00,0.051377778,0.220844444,0.026277778,0.144188889
08/29/10 00:00:00,0.046077778,0.200411111,0.022911111,0.135711111
09/06/10 00:00:00,0.041444444,0.194288889,0.020744444,0.137244444
09/14/10 00:00:00,0.094433333,0.205066667,0.074022222,0.1482
09/22/10 00:00:00,0.048677778,0.193177778,0.022622222,0.1385
09/30/10 00:00:00,0.053911111,0.175622222,0.027333333,0.137755556
10/08/10 00:00:00,0.068488889,0.212677778,0.0294,0.188177778
10/16/10 00:00:00,0.050855556,0.169822222,0.025911111,0.136
10/24/10 00:00:00,0.052233333,0.172133333,0.023955556,0.151855556
11/01/10 00:00:00,0.044988889,0.1526,0.021888889,0.120111111
11/09/10 00:00:00,0.041711111,0.126955556,0.019755556,0.100911111
11/17/10 00:00:00,0.583433333,0.614366667,0.583711111,0.178588889
11/25/10 00:00:00,0.639722222,0.619455556,0.668722222,0.095122222
12/03/10 00:00:00,0.633288889,0.624633333,0.663988889,0.224233333
12/11/10 00:00:00,0.615677778,0.599133333,0.656855556,0.294633333
12/19/10 00:00:00,0.666833333,0.6496,0.699522222,0.139844444
12/27/10 00:00:00,0.637333333,0.609022222,0.681255556,0.110577778
01/01/11 00:00:00,0.358644444,0.330522222,0.461433333,0.085933333
01/09/11 00:00:00,0.672244444,0.667977778,0.700544444,0.204244444
01/17/11 00:00:00,0.699255556,0.6881,0.720133333,0.142388889
01/25/11 00:00:00,0.730333333,0.727777778,0.726877778,0.170355556
02/02/11 00:00:00,0.715233333,0.704,0.734955556,0.176766667
02/10/11 00:00:00,0.7242,0.705566667,0.734922222,0.1398
02/18/11 00:00:00,0.755488889,0.737311111,0.752733333,0.101533333
02/26/11 00:00:00,0.770644444,0.761822222,0.757422222,0.133888889
03/06/11 00:00:00,0.785822222,0.7699,0.7746,0.115077778
03/14/11 00:00:00,0.714133333,0.666866667,0.718733333,0.093622222
03/22/11 00:00:00,0.794477778,0.742566667,0.777588889,0.068422222
03/30/11 00:00:00,0.767411111,0.677955556,0.750077778,0.0399
04/07/11 00:00:00,0.667522222,0.614511111,0.639,0.082388889
04/15/11 00:00:00,0.489477778,0.440644444,0.462611111,0.043777778
04/23/11 00:00:00,0.089577778,0.174622222,0.048911111,0.0989
05/01/11 00:00:00,0.066788889,0.168222222,0.035411111,0.115922222
05/09/11 00:00:00,0.053711111,0.159222222,0.027544444,0.124788889
05/17/11 00:00:00,0.060711111,0.1795,0.031566667,0.143911111
05/25/11 00:00:00,0.065588889,0.196855556,0.033866667,0.153011111
06/02/11 00:00:00,0.065633333,0.222788889,0.033855556,0.169911111
06/10/11 00:00:00,0.062733333,0.217522222,0.0324,0.164122222
06/18/11 00:00:00,0.061911111,0.222855556,0.032144444,0.164966667
06/26/11 00:00:00,0.0583,0.227611111,0.030122222,0.1761
07/04/11 00:00:00,0.055266667,0.254988889,0.027044444,0.1711
07/12/11 00:00:00,0.044466667,0.227111111,0.022266667,0.161855556
07/20/11 00:00:00,0.050833333,0.228233333,0.025844444,0.170922222
07/28/11 00:00:00,0.059888889,0.253477778,0.030455556,0.1932
08/05/11 00:00:00,0.042933333,0.210333333,0.021111111,0.1404
08/13/11 00:00:00,0.062133333,0.265777778,0.030388889,0.191455556
08/21/11 00:00:00,0.043266667,0.2155,0.0211,0.143033333
08/29/11 00:00:00,0.055766667,0.222422222,0.028455556,0.159433333
09/06/11 00:00:00,0.055433333,0.211344444,0.029311111,0.162477778
09/14/11 00:00:00,0.047011111,0.188433333,0.024366667,0.121644444
09/22/11 00:00:00,0.046666667,0.180677778,0.023144444,0.117322222
09/30/11 00:00:00,0.051488889,0.178955556,0.026166667,0.136544444
10/08/11 00:00:00,0.0526,0.181766667,0.0275,0.153733333
10/16/11 00:00:00,0.060311111,0.178466667,0.032433333,0.139311111
10/24/11 00:00:00,0.060333333,0.186288889,0.029911111,0.148844444
11/01/11 00:00:00,0.090133333,0.169722222,0.080655556,0.129822222
11/09/11 00:00:00,0.535477778,0.5616,0.543366667,0.106744444
11/17/11 00:00:00,0.497033333,0.542988889,0.497277778,0.094466667
11/25/11 00:00:00,0.510155556,0.551066667,0.518911111,0.158844444
12/03/11 00:00:00,0.512944444,0.536755556,0.527733333,0.1866
12/11/11 00:00:00,0.5222,0.543222222,0.543677778,0.110266667
12/19/11 00:00:00,0.5262,0.557066667,0.544266667,0.171766667
12/27/11 00:00:00,0.598011111,0.626544444,0.584788889,0.158188889
01/01/12 00:00:00,0.538566667,0.556177778,0.553111111,0.178766667
01/09/12 00:00:00,0.591388889,0.603866667,0.592,0.120988889
01/17/12 00:00:00,0.648944444,0.652633333,0.665422222,0.174722222
01/25/12 00:00:00,0.704355556,0.686388889,0.708888889,0.121144444
02/02/12 00:00:00,0.512944444,0.475977778,0.592433333,0.108411111
02/10/12 00:00:00,0.711633333,0.714244444,0.697566667,0.181622222
02/18/12 00:00:00,0.710377778,0.701211111,0.711855556,0.102488889
02/26/12 00:00:00,0.746355556,0.734633333,0.729377778,0.096855556
03/05/12 00:00:00,0.776288889,0.764344444,0.763488889,0.110811111
03/13/12 00:00:00,0.662266667,0.620866667,0.655033333,0.288366667
03/21/12 00:00:00,0.438188889,0.477411111,0.407622222,0.1004
03/29/12 00:00:00,0.565722222,0.574911111,0.538866667,0.080588889
04/06/12 00:00:00,0.086677778,0.177777778,0.042611111,0.103088889
04/14/12 00:00:00,0.072922222,0.176911111,0.037633333,0.127566667
04/22/12 00:00:00,0.076255556,0.198133333,0.040188889,0.160422222
04/30/12 00:00:00,0.0647,0.180888889,0.034033333,0.141666667
05/08/12 00:00:00,0.060133333,0.173944444,0.031388889,0.142111111
05/16/12 00:00:00,0.062666667,0.184644444,0.0325,0.155244444
05/24/12 00:00:00,0.057077778,0.169744444,0.029711111,0.116066667
06/01/12 00:00:00,0.067544444,0.230788889,0.034955556,0.175088889
06/09/12 00:00:00,0.065288889,0.236233333,0.032688889,0.177
06/17/12 00:00:00,0.065411111,0.245155556,0.033644444,0.169166667
06/25/12 00:00:00,0.060033333,0.255677778,0.029988889,0.177311111
07/03/12 00:00:00,0.0614,0.2675,0.031211111,0.178722222
07/11/12 00:00:00,0.050455556,0.226855556,0.025844444,0.149755556
07/19/12 00:00:00,0.052188889,0.2281,0.0272,0.155944444
07/27/12 00:00:00,0.062344444,0.269311111,0.031644444,0.200177778
08/04/12 00:00:00,0.054955556,0.253688889,0.027255556,0.182966667
08/12/12 00:00:00,0.050644444,0.231955556,0.025766667,0.172466667
08/20/12 00:00:00,0.051066667,0.224411111,0.026155556,0.163811111
08/28/12 00:00:00,0.068133333,0.278744444,0.036633333,0.221233333
09/05/12 00:00:00,0.056177778,0.220922222,0.028711111,0.1615
09/13/12 00:00:00,0.063744444,0.252011111,0.030722222,0.1934
09/21/12 00:00:00,0.0422,0.171277778,0.022066667,0.106822222
09/29/12 00:00:00,0.051277778,0.182933333,0.025233333,0.144333333
10/07/12 00:00:00,0.130455556,0.235955556,0.113944444,0.179944444
10/15/12 00:00:00,0.061422222,0.189377778,0.031033333,0.151666667
10/23/12 00:00:00,0.058066667,0.167033333,0.033422222,0.143
10/31/12 00:00:00,0.130655556,0.264166667,0.0763,0.148855556
11/08/12 00:00:00,0.228944444,0.284577778,0.235233333,0.134177778
11/16/12 00:00:00,0.133244444,0.203888889,0.142133333,0.102533333
11/24/12 00:00:00,0.460877778,0.522311111,0.4639,0.099111111
12/02/12 00:00:00,0.624177778,0.629833333,0.6288,0.166033333
12/10/12 00:00:00,0.549311111,0.550044444,0.579766667,0.134866667
12/18/12 00:00:00,0.5628,0.553433333,0.608533333,0.179666667
12/26/12 00:00:00,0.578366667,0.577355556,0.610233333,0.149777778
01/01/13 00:00:00,0.5655,0.562822222,0.606988889,0.149677778
01/09/13 00:00:00,0.596611111,0.563855556,0.6659,0.151655556
01/17/13 00:00:00,0.646622222,0.626533333,0.690766667,0.119455556
01/25/13 00:00:00,0.7019,0.691733333,0.728322222,0.170855556
02/02/13 00:00:00,0.7291,0.713155556,0.745877778,0.135888889
02/10/13 00:00:00,0.757677778,0.752966667,0.754144444,0.180544444
02/18/13 00:00:00,0.6817,0.667166667,0.706555556,0.260755556
02/26/13 00:00:00,0.71,0.688,0.722444444,0.121411111
03/06/13 00:00:00,0.742022222,0.746244444,0.759977778,0.416333333
03/14/13 00:00:00,0.785877778,0.775655556,0.788322222,0.150166667
03/22/13 00:00:00,0.771622222,0.728233333,0.767688889,0.066111111
03/30/13 00:00:00,0.791055556,0.727077778,0.770966667,0.073566667
04/07/13 00:00:00,0.757655556,0.706211111,0.7542,0.100788889
04/15/13 00:00:00,0.792211111,0.752011111,0.768977778,0.083577778
04/23/13 00:00:00,0.440277778,0.420644444,0.417777778,0.061966667
05/01/13 00:00:00,0.077511111,0.165955556,0.039455556,0.104444444
05/09/13 00:00:00,0.059655556,0.169588889,0.030844444,0.132411111
05/17/13 00:00:00,0.056244444,0.162611111,0.028722222,0.133077778
05/25/13 00:00:00,0.062488889,0.178377778,0.032255556,0.155344444
06/02/13 00:00:00,0.056244444,0.188433333,0.028833333,0.147022222
06/10/13 00:00:00,0.0559,0.201322222,0.029144444,0.1463
06/18/13 00:00:00,0.050344444,0.202177778,0.025255556,0.141444444
06/26/13 00:00:00,0.057588889,0.258155556,0.028366667,0.187644444
07/04/13 00:00:00,0.056844444,0.263688889,0.0284,0.183211111
07/12/13 00:00:00,0.062155556,0.206522222,0.055555556,0.141866667
07/20/13 00:00:00,0.058422222,0.266355556,0.031033333,0.191866667
07/28/13 00:00:00,0.060322222,0.263877778,0.030266667,0.191066667
08/05/13 00:00:00,0.068722222,0.208011111,0.058833333,0.152455556
08/13/13 00:00:00,0.045688889,0.2233,0.022655556,0.152177778
08/21/13 00:00:00,0.042155556,0.221355556,0.021766667,0.149644444
08/29/13 00:00:00,0.0808,0.254977778,0.040533333,0.192788889
09/06/13 00:00:00,0.046122222,0.223788889,0.0212,0.163522222
09/14/13 00:00:00,0.047855556,0.199277778,0.0239,0.144588889
09/22/13 00:00:00,0.057344444,0.198166667,0.0295,0.155366667
09/30/13 00:00:00,0.061533333,0.1812,0.0447,0.147111111
10/08/13 00:00:00,0.053033333,0.168722222,0.026922222,0.1461
10/16/13 00:00:00,0.0584,0.183177778,0.030233333,0.157288889
10/24/13 00:00:00,0.075688889,0.194955556,0.039488889,0.137011111
11/01/13 00:00:00,0.060511111,0.195111111,0.028722222,0.172322222
11/09/13 00:00:00,0.453922222,0.539744444,0.434155556,0.1326
11/17/13 00:00:00,0.451922222,0.460944444,0.486622222,0.158988889
11/25/13 00:00:00,0.642966667,0.655344444,0.680366667,0.432177778
12/03/13 00:00:00,0.589422222,0.588266667,0.618877778,0.104088889
12/11/13 00:00:00,0.593677778,0.566855556,0.662377778,0.2969
12/19/13 00:00:00,0.616466667,0.626288889,0.645055556,0.152922222
12/27/13 00:00:00,0.506844444,0.498622222,0.575933333,0.135022222
01/01/14 00:00:00,0.514322222,0.509411111,0.583666667,0.118788889
01/09/14 00:00:00,0.627555556,0.616566667,0.673288889,0.166144444
01/17/14 00:00:00,0.682322222,0.675566667,0.705933333,0.199188889
01/25/14 00:00:00,0.655877778,0.651555556,0.690111111,0.177555556
02/02/14 00:00:00,0.661666667,0.656655556,0.686222222,0.189433333
02/10/14 00:00:00,0.670488889,0.665577778,0.686388889,0.282488889
02/18/14 00:00:00,0.7808,0.778222222,0.791511111,0.194422222
02/26/14 00:00:00,0.804911111,0.799544444,0.784622222,0.188922222
03/06/14 00:00:00,0.766422222,0.765277778,0.759988889,0.1296
03/14/14 00:00:00,0.775522222,0.765355556,0.768633333,0.131311111
03/22/14 00:00:00,0.792611111,0.780688889,0.782333333,0.1145
03/30/14 00:00:00,0.793166667,0.779811111,0.786111111,0.101433333
04/07/14 00:00:00,0.804777778,0.783955556,0.790188889,0.117911111
04/15/14 00:00:00,0.832322222,0.819255556,0.8148,0.124788889
04/23/14 00:00:00,0.759411111,0.698288889,0.744566667,0.117811111
05/01/14 00:00:00,0.3729,0.369711111,0.351144444,0.065055556
05/09/14 00:00:00,0.123966667,0.201677778,0.087644444,0.092133333
05/17/14 00:00:00,0.066544444,0.171244444,0.034522222,0.123933333
05/25/14 00:00:00,0.084611111,0.195211111,0.052344444,0.152111111
06/02/14 00:00:00,0.061766667,0.186455556,0.0316,0.1444
06/10/14 00:00:00,0.050544444,0.186788889,0.025288889,0.135188889
06/18/14 00:00:00,0.0598,0.221,0.030144444,0.1577
06/26/14 00:00:00,0.058388889,0.248088889,0.029344444,0.170188889
07/04/14 00:00:00,0.061277778,0.274755556,0.030655556,0.180977778
07/12/14 00:00:00,0.056666667,0.255933333,0.0283,0.1709
07/20/14 00:00:00,0.062255556,0.288444444,0.0317,0.185355556
07/28/14 00:00:00,0.057166667,0.276244444,0.0299,0.183155556
08/05/14 00:00:00,0.046711111,0.2335,0.023011111,0.147988889
08/13/14 00:00:00,0.051222222,0.237277778,0.026133333,0.158822222
08/21/14 00:00:00,0.047433333,0.222733333,0.024077778,0.151877778
08/29/14 00:00:00,0.1352,0.266811111,0.117177778,0.203177778
09/06/14 00:00:00,0.041622222,0.208488889,0.018788889,0.132388889
09/14/14 00:00:00,0.179522222,0.267822222,0.181888889,0.1632
09/22/14 00:00:00,0.049933333,0.192422222,0.025255556,0.127122222
09/30/14 00:00:00,0.077555556,0.242222222,0.037622222,0.201266667
10/08/14 00:00:00,0.060755556,0.179755556,0.031822222,0.144922222
10/16/14 00:00:00,0.06,0.188066667,0.029877778,0.160544444
10/24/14 00:00:00,0.243333333,0.309922222,0.238322222,0.256788889
11/01/14 00:00:00,0.057622222,0.178411111,0.028533333,0.156733333
11/09/14 00:00:00,0.494744444,0.545644444,0.498177778,0.202566667
11/17/14 00:00:00,0.573211111,0.585788889,0.597755556,0.165355556
11/25/14 00:00:00,0.589222222,0.614133333,0.598877778,0.189244444
12/03/14 00:00:00,0.589477778,0.599166667,0.614311111,0.143544444
12/11/14 00:00:00,0.632244444,0.625,0.669,0.105677778
12/19/14 00:00:00,0.533522222,0.505988889,0.607811111,0.244188889
12/27/14 00:00:00,0.608266667,0.616022222,0.642355556,0.156577778
01/01/15 00:00:00,0.616466667,0.614744444,0.645555556,0.144055556
01/09/15 00:00:00,0.624988889,0.626255556,0.648777778,0.150411111
01/17/15 00:00:00,0.647688889,0.647266667,0.653722222,0.208777778
01/25/15 00:00:00,0.687344444,0.675888889,0.7071,0.1269
02/02/15 00:00:00,0.726077778,0.716088889,0.733,0.1429
02/10/15 00:00:00,0.693177778,0.691277778,0.7005,0.136166667
02/18/15 00:00:00,0.729444444,0.726533333,0.726433333,0.165522222
02/26/15 00:00:00,0.767477778,0.756222222,0.756155556,0.1259
03/06/15 00:00:00,0.784022222,0.7761,0.766766667,0.124133333
03/14/15 00:00:00,0.771577778,0.7351,0.757288889,0.085733333
03/22/15 00:00:00,0.778533333,0.773166667,0.761655556,0.152666667
03/30/15 00:00:00,0.810777778,0.791344444,0.790211111,0.107855556
04/07/15 00:00:00,0.7808,0.701933333,0.757444444,0.050055556
04/15/15 00:00:00,0.323755556,0.321711111,0.301144444,0.0772
04/23/15 00:00:00,0.2359,0.274933333,0.217988889,0.093622222
05/01/15 00:00:00,0.050622222,0.141811111,0.025444444,0.108233333
05/09/15 00:00:00,0.060177778,0.166622222,0.031111111,0.142422222
05/17/15 00:00:00,0.062444444,0.182166667,0.032533333,0.150633333
05/25/15 00:00:00,0.064911111,0.187933333,0.033633333,0.153011111
06/02/15 00:00:00,0.060511111,0.186222222,0.031533333,0.152044444
06/10/15 00:00:00,0.0631,0.218311111,0.032622222,0.176066667
06/18/15 00:00:00,0.060166667,0.229244444,0.031011111,0.165944444
06/26/15 00:00:00,0.070877778,0.257155556,0.0415,0.1904
07/04/15 00:00:00,0.046211111,0.220588889,0.023611111,0.145177778
07/12/15 00:00:00,0.053444444,0.277344444,0.026944444,0.183522222
07/20/15 00:00:00,0.042866667,0.221588889,0.021366667,0.1305
07/28/15 00:00:00,0.038166667,0.213133333,0.019966667,0.134433333
08/05/15 00:00:00,0.040388889,0.215522222,0.019877778,0.135488889
08/13/15 00:00:00,0.034777778,0.210533333,0.017666667,0.1234
08/21/15 00:00:00,0.053588889,0.255833333,0.025666667,0.162777778
08/29/15 00:00:00,0.035333333,0.194877778,0.018144444,0.116722222
09/06/15 00:00:00,0.035211111,0.187655556,0.016977778,0.115588889
09/14/15 00:00:00,0.046333333,0.197688889,0.023111111,0.1284
09/22/15 00:00:00,0.043222222,0.181655556,0.021066667,0.119022222
09/30/15 00:00:00,0.045866667,0.179166667,0.022577778,0.125788889
10/08/15 00:00:00,0.179888889,0.256122222,0.1788,0.2286
10/16/15 00:00:00,0.270877778,0.358988889,0.254566667,0.101355556
10/24/15 00:00:00,0.061155556,0.173333333,0.0309,0.126644444
11/01/15 00:00:00,0.064311111,0.152433333,0.053811111,0.114044444
11/09/15 00:00:00,0.260455556,0.3592,0.259033333,0.236233333
11/17/15 00:00:00,0.377688889,0.463877778,0.397822222,0.144166667
11/25/15 00:00:00,0.437333333,0.488944444,0.451111111,0.125566667
12/03/15 00:00:00,0.260566667,0.3505,0.251677778,0.140322222
12/11/15 00:00:00,0.3209,0.321222222,0.387533333,0.219488889
12/19/15 00:00:00,0.449822222,0.4573,0.4911,0.2178
12/27/15 00:00:00,0.515066667,0.534755556,0.552644444,0.084188889
01/01/16 00:00:00,0.5429,0.553944444,0.586077778,0.1483
01/09/16 00:00:00,0.547977778,0.5582,0.607811111,0.211944444
01/17/16 00:00:00,0.589222222,0.585377778,0.642455556,0.169277778
01/25/16 00:00:00,0.642255556,0.616888889,0.680155556,0.219244444
02/02/16 00:00:00,0.643155556,0.639266667,0.666488889,0.124488889
02/10/16 00:00:00,0.675166667,0.676488889,0.692,0.148788889
02/26/16 00:00:00,0.717788889,0.720833333,0.713166667,0.169255556
03/05/16 00:00:00,0.731188889,0.710366667,0.729566667,0.103966667
03/13/16 00:00:00,0.7006,0.654055556,0.691188889,0.048
03/21/16 00:00:00,0.710377778,0.664577778,0.695877778,0.086377778
03/29/16 00:00:00,0.629111111,0.584155556,0.623744444,0.067944444
04/06/16 00:00:00,0.674044444,0.641255556,0.654422222,0.081411111
04/14/16 00:00:00,0.537611111,0.532344444,0.526211111,0.245444444
04/22/16 00:00:00,0.114333333,0.214877778,0.083855556,0.141022222
04/30/16 00:00:00,0.062022222,0.163211111,0.033444444,0.121533333
05/08/16 00:00:00,0.064844444,0.181855556,0.034422222,0.147366667
05/16/16 00:00:00,0.062644444,0.1844,0.032377778,0.148088889
05/24/16 00:00:00,0.057866667,0.184122222,0.029188889,0.132144444
06/01/16 00:00:00,0.063977778,0.203411111,0.0329,0.158777778
06/09/16 00:00:00,0.059155556,0.193677778,0.030344444,0.1451
06/17/16 00:00:00,0.0538,0.217188889,0.027566667,0.1472
06/25/16 00:00:00,0.049666667,0.222888889,0.025366667,0.1442
07/03/16 00:00:00,0.064566667,0.254444444,0.036111111,0.174477778
07/11/16 00:00:00,0.055111111,0.245333333,0.028277778,0.160244444
07/19/16 00:00:00,0.038444444,0.213733333,0.018744444,0.121011111
07/27/16 00:00:00,0.043955556,0.235511111,0.021855556,0.1448
08/04/16 00:00:00,0.042522222,0.226522222,0.021533333,0.136566667
08/12/16 00:00:00,0.078211111,0.233088889,0.062855556,0.155511111
08/20/16 00:00:00,0.041444444,0.214866667,0.020111111,0.128555556
08/28/16 00:00:00,0.051544444,0.239422222,0.025855556,0.151333333
09/05/16 00:00:00,0.0436,0.211077778,0.020755556,0.1351
09/13/16 00:00:00,0.042944444,0.1987,0.0209,0.127233333
09/21/16 00:00:00,0.049522222,0.205044444,0.023533333,0.136111111
09/29/16 00:00:00,0.049566667,0.174366667,0.025111111,0.134177778
10/07/16 00:00:00,0.297622222,0.342377778,0.2914,0.209877778
10/15/16 00:00:00,0.092488889,0.164788889,0.093188889,0.123511111
10/23/16 00:00:00,0.291677778,0.3496,0.299211111,0.241411111
10/31/16 00:00:00,0.072922222,0.2105,0.034844444,0.200244444
11/08/16 00:00:00,0.3241,0.341177778,0.334888889,0.202388889
11/16/16 00:00:00,0.044533333,0.153311111,0.023355556,0.125288889
11/24/16 00:00:00,0.545688889,0.544522222,0.585855556,0.333855556
12/02/16 00:00:00,0.499,0.488211111,0.568455556,0.283322222
12/10/16 00:00:00,0.423777778,0.432655556,0.4754,0.160288889
12/18/16 00:00:00,0.529477778,0.5271,0.590255556,0.191577778
12/26/16 00:00:00,0.627144444,0.628688889,0.669877778,0.177566667
01/01/17 00:00:00,0.561577778,0.559522222,0.613377778,0.150855556
01/09/17 00:00:00,0.636855556,0.639233333,0.670988889,0.146233333
01/17/17 00:00:00,0.634388889,0.621344444,0.693288889,0.097666667
01/25/17 00:00:00,0.660788889,0.694066667,0.662866667,0.2658
02/02/17 00:00:00,0.701344444,0.703944444,0.713011111,0.185433333
02/10/17 00:00:00,0.6997,0.690944444,0.724733333,0.140388889
02/18/17 00:00:00,0.711633333,0.7003,0.731733333,0.1368
02/26/17 00:00:00,0.738533333,0.727722222,0.751022222,0.107777778
03/06/17 00:00:00,0.756055556,0.717444444,0.747144444,0.091677778
03/14/17 00:00:00,0.733333333,0.698133333,0.7344,0.076433333
03/22/17 00:00:00,0.747188889,0.693744444,0.742833333,0.071622222
03/30/17 00:00:00,0.677166667,0.599766667,0.6771,0.050411111
04/07/17 00:00:00,0.620111111,0.544922222,0.618655556,0.042255556
04/15/17 00:00:00,0.453033333,0.471866667,0.4311,0.080333333
04/23/17 00:00:00,0.684577778,0.651844444,0.670666667,0.090877778
05/01/17 00:00:00,0.3367,0.3682,0.319433333,0.083422222
05/09/17 00:00:00,0.205655556,0.278588889,0.1928,0.243455556
05/17/17 00:00:00,0.065688889,0.190122222,0.0341,0.1506
05/25/17 00:00:00,0.064155556,0.196533333,0.032555556,0.172844444
06/02/17 00:00:00,0.064522222,0.204111111,0.034044444,0.145211111
06/10/17 00:00:00,0.043933333,0.182433333,0.022377778,0.123277778
06/18/17 00:00:00,0.052433333,0.226477778,0.026666667,0.1471
06/26/17 00:00:00,0.045422222,0.216255556,0.022644444,0.133211111
07/04/17 00:00:00,0.049788889,0.246544444,0.025188889,0.153822222
07/12/17 00:00:00,0.043488889,0.224255556,0.022666667,0.135088889
07/20/17 00:00:00,0.053944444,0.2587,0.026955556,0.166911111
07/28/17 00:00:00,0.049,0.245211111,0.025466667,0.149088889
08/05/17 00:00:00,0.044155556,0.226,0.022,0.144455556
08/13/17 00:00:00,0.063955556,0.258266667,0.0354,0.1785
08/21/17 00:00:00,0.047588889,0.221288889,0.024333333,0.153144444
08/29/17 00:00:00,0.044544444,0.223322222,0.022188889,0.141511111
09/06/17 00:00:00,0.052333333,0.226533333,0.025955556,0.168322222
09/14/17 00:00:00,0.051866667,0.200811111,0.024544444,0.145711111
09/22/17 00:00:00,0.115066667,0.247566667,0.094377778,0.201055556
09/30/17 00:00:00,0.0493,0.179188889,0.024988889,0.137177778
10/08/17 00:00:00,0.058566667,0.180477778,0.028933333,0.153344444
10/16/17 00:00:00,0.061011111,0.192533333,0.030044444,0.162277778
10/24/17 00:00:00,0.652733333,0.654622222,0.682566667,0.367
11/01/17 00:00:00,0.6279,0.654155556,0.613388889,0.132655556
11/09/17 00:00:00,0.629833333,0.650333333,0.624866667,0.151355556
11/17/17 00:00:00,0.637255556,0.629488889,0.679011111,0.082655556
11/25/17 00:00:00,0.630033333,0.635233333,0.661311111,0.131911111
12/03/17 00:00:00,0.575777778,0.581322222,0.6149,0.203944444
12/11/17 00:00:00,0.583033333,0.584622222,0.617011111,0.1795
12/19/17 00:00:00,0.617933333,0.6111,0.653877778,0.171644444
12/27/17 00:00:00,0.5465,0.550155556,0.594933333,0.147855556
01/01/18 00:00:00,0.553733333,0.558866667,0.603066667,0.140788889
01/09/18 00:00:00,0.637766667,0.651655556,0.666166667,0.186522222
01/17/18 00:00:00,0.672688889,0.698566667,0.689133333,0.265377778
01/25/18 00:00:00,0.661866667,0.667211111,0.699711111,0.252377778
02/02/18 00:00:00,0.711722222,0.713044444,0.721377778,0.184988889
02/10/18 00:00:00,0.694277778,0.682288889,0.710755556,0.114911111
02/18/18 00:00:00,0.717844444,0.711322222,0.731211111,0.161388889
02/26/18 00:00:00,0.769011111,0.7611,0.768155556,0.135166667
03/06/18 00:00:00,0.739777778,0.731688889,0.749811111,0.195133333
03/14/18 00:00:00,0.717422222,0.686277778,0.726555556,0.122244444
03/22/18 00:00:00,0.778677778,0.731277778,0.765433333,0.069766667
03/30/18 00:00:00,0.758911111,0.684455556,0.7562,0.043388889
04/07/18 00:00:00,0.760288889,0.719877778,0.750322222,0.094866667
04/15/18 00:00:00,0.816755556,0.759355556,0.804822222,0.075111111
04/23/18 00:00:00,0.596688889,0.588533333,0.5743,0.0768
05/01/18 00:00:00,0.072033333,0.158955556,0.038022222,0.102455556
05/09/18 00:00:00,0.068433333,0.176633333,0.034866667,0.129711111
05/17/18 00:00:00,0.067355556,0.186577778,0.035411111,0.151188889
05/25/18 00:00:00,0.069966667,0.205666667,0.035677778,0.174322222
06/02/18 00:00:00,0.068922222,0.210855556,0.035055556,0.170655556
06/10/18 00:00:00,0.050911111,0.166011111,0.0264,0.128666667
06/18/18 00:00:00,0.0675,0.223533333,0.035544444,0.168966667
06/26/18 00:00:00,0.052455556,0.222044444,0.026377778,0.155255556
07/04/18 00:00:00,0.046711111,0.224133333,0.0226,0.153555556
07/12/18 00:00:00,0.055666667,0.242611111,0.028655556,0.1695
07/20/18 00:00:00,0.051,0.240744444,0.025744444,0.1743
07/28/18 00:00:00,0.051011111,0.228244444,0.025466667,0.1516
08/05/18 00:00:00,0.018722222,0.2121,0.0109,0.139077778
08/13/18 00:00:00,0.054311111,0.232244444,0.027844444,0.155622222
08/21/18 00:00:00,0.057744444,0.260188889,0.030411111,0.187233333
08/29/18 00:00:00,0.051077778,0.218177778,0.025855556,0.150655556
09/06/18 00:00:00,0.055722222,0.2279,0.025322222,0.173866667
09/14/18 00:00:00,0.045966667,0.179744444,0.023088889,0.123577778
09/22/18 00:00:00,0.046877778,0.189655556,0.022988889,0.131022222
09/30/18 00:00:00,0.054722222,0.176166667,0.026733333,0.108044444
10/08/18 00:00:00,0.594411111,0.605388889,0.575588889,0.116911111
10/16/18 00:00:00,0.554922222,0.556433333,0.585455556,0.286311111
10/24/18 00:00:00,0.547344444,0.553822222,0.568333333,0.223311111
11/01/18 00:00:00,0.4721,0.494244444,0.485022222,0.147344444
11/09/18 00:00:00,0.5656,0.584155556,0.581711111,0.151744444
11/17/18 00:00:00,0.582977778,0.613911111,0.608722222,0.153866667
11/25/18 00:00:00,0.589333333,0.580766667,0.6107,0.1626
12/03/18 00:00:00,0.564522222,0.5456,0.634055556,0.279333333
12/11/18 00:00:00,0.549644444,0.527977778,0.605511111,0.167833333
12/19/18 00:00:00,0.574744444,0.543855556,0.654755556,0.298844444
12/27/18 00:00:00,0.667755556,0.678433333,0.68,0.196988889
01/01/19 00:00:00,0.638511111,0.648633333,0.661555556,0.208144444
01/09/19 00:00:00,0.650633333,0.637177778,0.6932,0.133077778
01/17/19 00:00:00,0.665655556,0.6609,0.693122222,0.181844444
01/25/19 00:00:00,0.687488889,0.668433333,0.721777778,0.123266667
02/02/19 00:00:00,0.718211111,0.722588889,0.737444444,0.236133333
02/10/19 00:00:00,0.620455556,0.594255556,0.671477778,0.095088889
02/18/19 00:00:00,0.649711111,0.646977778,0.672166667,0.149511111
02/26/19 00:00:00,0.760844444,0.748266667,0.765866667,0.150233333
03/06/19 00:00:00,0.746222222,0.733344444,0.727777778,0.139977778
03/14/19 00:00:00,0.792922222,0.773133333,0.789711111,0.104166667
03/22/19 00:00:00,0.783388889,0.752355556,0.777,0.093077778
03/30/19 00:00:00,0.786244444,0.708433333,0.777044444,0.048922222
04/07/19 00:00:00,0.800455556,0.759411111,0.780666667,0.103377778
04/15/19 00:00:00,0.718644444,0.6368,0.711388889,0.0492
04/23/19 00:00:00,0.454155556,0.417444444,0.440744444,0.048033333
05/01/19 00:00:00,0.223222222,0.259633333,0.2037,0.083
05/09/19 00:00:00,0.074055556,0.156377778,0.038122222,0.104288889
05/17/19 00:00:00,0.061566667,0.1782,0.032311111,0.149022222
05/25/19 00:00:00,0.057944444,0.171388889,0.029855556,0.139833333
06/02/19 00:00:00,0.0627,0.194133333,0.032688889,0.1565
06/10/19 00:00:00,0.055822222,0.188233333,0.028955556,0.1396
06/18/19 00:00:00,0.064011111,0.222188889,0.032777778,0.172
06/26/19 00:00:00,0.051622222,0.211133333,0.027188889,0.147755556
07/04/19 00:00:00,0.0487,0.237422222,0.024644444,0.154777778
07/12/19 00:00:00,0.040733333,0.223955556,0.020377778,0.138677778
07/20/19 00:00:00,0.042466667,0.226633333,0.021733333,0.142822222
07/28/19 00:00:00,0.042455556,0.223622222,0.021122222,0.139188889
08/05/19 00:00:00,0.0457,0.250222222,0.022866667,0.150888889
08/13/19 00:00:00,0.053855556,0.284555556,0.027722222,0.186166667
08/21/19 00:00:00,0.048733333,0.2437,0.0249,0.154388889
08/29/19 00:00:00,0.041533333,0.223855556,0.019922222,0.134344444
09/06/19 00:00:00,0.050933333,0.220522222,0.025677778,0.153022222
09/14/19 00:00:00,0.052144444,0.198788889,0.027711111,0.140366667
09/22/19 00:00:00,0.060511111,0.213633333,0.031355556,0.164988889
09/30/19 00:00:00,0.048777778,0.178544444,0.024955556,0.136677778
10/08/19 00:00:00,0.066466667,0.202411111,0.034133333,0.167022222
10/16/19 00:00:00,0.068111111,0.212888889,0.034011111,0.186722222
10/24/19 00:00:00,0.119711111,0.246544444,0.104211111,0.2071
11/01/19 00:00:00,0.216711111,0.336444444,0.199111111,0.140611111
11/09/19 00:00:00,0.393477778,0.492377778,0.383388889,0.190444444
11/17/19 00:00:00,0.375622222,0.424355556,0.394855556,0.134388889
11/25/19 00:00:00,0.4179,0.452333333,0.455944444,0.112488889
12/03/19 00:00:00,0.485155556,0.535177778,0.514433333,0.167888889
12/11/19 00:00:00,0.550144444,0.570433333,0.586622222,0.158455556
12/19/19 00:00:00,0.539255556,0.547944444,0.587366667,0.188544444
12/27/19 00:00:00,0.607944444,0.581155556,0.664266667,0.189833333
01/01/20 00:00:00,0.597422222,0.574233333,0.653933333,0.183155556
